# Class-listed starting equipment kits. Exactly one baseline per class is free;
# alternates appear only after every non-empty hand row has been discovered.
id,classId,label,baseline,rightHand,leftHand
reaverBaseline,reaver,Iron Vanguard,true,straightSword,roundShield
reaverGreatsword,reaver,Greatsword Vanguard,false,greatsword,
starseerBaseline,starseer,Ash Focus,true,ashStaff,
starseerStarstone,starseer,Starstone Focus,false,starstoneStaff,
heraldBaseline,herald,Bone Rite,true,boneSceptre,
heraldEmberlight,herald,Emberlight Rite,false,emberlightSceptre,
rogueBaseline,rogue,Knife and Buckler,true,dagger,buckler
rogueBow,rogue,Shortbow and Parrying Dagger,false,shortbow,parryDagger
