buildId,scenarioId,seed,result,turns,actions,hp,stamina,mana,impact,bleeds,staggers,manaSpent,completed
heavy,basic,1,victory,3,9,80,3,1,19,0,1,0,
heavy,basic,2,victory,2,7,80,0,1,17,0,0,0,
heavy,basic,3,victory,3,9,80,5,1,19,0,1,0,
heavy,basic,4,victory,3,9,80,5,1,19,0,1,0,
heavy,basic,5,victory,2,6,74,3,1,17,0,0,0,
heavy,basic,6,victory,3,9,80,5,1,19,0,1,0,
heavy,basic,7,victory,2,7,80,0,1,19,0,1,0,
heavy,basic,8,victory,2,7,80,0,1,19,0,1,0,
heavy,basic,9,victory,2,7,80,0,1,17,0,0,0,
heavy,basic,10,victory,3,11,80,2,1,19,0,1,0,
heavy,basic,11,victory,3,9,80,2,1,19,0,1,0,
heavy,basic,12,victory,2,6,74,3,1,17,0,0,0,
heavy,basic,13,victory,3,9,80,5,1,19,0,1,0,
heavy,basic,14,victory,3,9,80,2,1,19,0,1,0,
heavy,basic,15,victory,3,9,80,5,1,19,0,1,0,
heavy,basic,16,victory,2,6,74,3,1,19,0,1,0,
heavy,basic,17,victory,2,6,74,3,1,17,0,0,0,
heavy,basic,18,victory,3,9,80,5,1,19,0,1,0,
heavy,basic,19,victory,3,9,80,5,1,19,0,1,0,
heavy,basic,20,victory,2,6,74,2,1,19,0,1,0,
heavy,basic,21,victory,3,9,80,3,1,19,0,1,0,
heavy,basic,22,victory,3,9,80,2,1,19,0,1,0,
heavy,basic,23,victory,3,9,80,5,1,19,0,1,0,
heavy,basic,24,victory,2,6,74,3,1,19,0,1,0,
heavy,basic,25,victory,2,6,74,3,1,17,0,0,0,
heavy,basic,26,victory,3,9,80,2,1,19,0,1,0,
heavy,basic,27,victory,2,6,74,3,1,19,0,1,0,
heavy,basic,28,victory,3,9,80,5,1,19,0,1,0,
heavy,basic,29,victory,2,7,80,0,1,19,0,1,0,
heavy,basic,30,victory,3,9,80,1,1,17,0,0,0,
heavy,basic,31,victory,3,9,80,2,1,19,0,1,0,
heavy,basic,32,victory,3,9,80,3,1,19,0,1,0,
heavy,basic,33,victory,3,9,80,3,1,19,0,1,0,
heavy,basic,34,victory,3,10,76,1,1,18,0,1,0,
heavy,basic,35,victory,3,10,80,2,1,19,0,1,0,
heavy,basic,36,victory,3,9,80,3,1,19,0,1,0,
heavy,basic,37,victory,3,8,77,3,1,19,0,1,0,
heavy,basic,38,victory,2,7,80,0,1,19,0,1,0,
heavy,basic,39,victory,2,7,80,0,1,17,0,0,0,
heavy,basic,40,victory,2,6,74,3,1,17,0,0,0,
heavy,basic,41,victory,3,8,80,4,1,19,0,1,0,
heavy,basic,42,victory,3,9,80,3,1,19,0,1,0,
heavy,basic,43,victory,3,8,77,3,1,19,0,1,0,
heavy,basic,44,victory,3,9,80,2,1,19,0,1,0,
heavy,basic,45,victory,3,8,80,5,1,19,0,1,0,
heavy,basic,46,victory,2,6,74,3,1,17,0,0,0,
heavy,basic,47,victory,3,9,80,3,1,19,0,1,0,
heavy,basic,48,victory,2,7,80,0,1,17,0,0,0,
heavy,basic,49,victory,3,8,74,4,1,17,0,0,0,
heavy,basic,50,victory,3,8,77,3,1,19,0,1,0,
heavy,basic,51,victory,3,9,80,3,1,19,0,1,0,
heavy,basic,52,victory,3,8,74,3,1,19,0,1,0,
heavy,basic,53,victory,3,8,77,3,1,19,0,1,0,
heavy,basic,54,victory,2,7,80,0,1,19,0,1,0,
heavy,basic,55,victory,2,7,80,0,1,19,0,1,0,
heavy,basic,56,victory,3,9,80,3,1,19,0,1,0,
heavy,basic,57,victory,3,9,80,3,1,19,0,1,0,
heavy,basic,58,victory,2,6,74,3,1,19,0,1,0,
heavy,basic,59,victory,3,9,80,5,1,19,0,1,0,
heavy,basic,60,victory,3,9,80,5,1,19,0,1,0,
heavy,basic,61,victory,3,9,80,1,1,17,0,0,0,
heavy,basic,62,victory,3,9,80,0,1,19,0,1,0,
heavy,basic,63,victory,2,6,74,3,1,17,0,0,0,
heavy,basic,64,victory,3,9,80,3,1,19,0,1,0,
heavy,basic,65,victory,3,9,80,3,1,19,0,1,0,
heavy,basic,66,victory,3,9,80,3,1,19,0,1,0,
heavy,basic,67,victory,3,9,80,5,1,19,0,1,0,
heavy,basic,68,victory,3,8,80,3,1,19,0,1,0,
heavy,basic,69,victory,3,10,80,2,1,19,0,1,0,
heavy,basic,70,victory,2,6,74,3,1,19,0,1,0,
heavy,basic,71,victory,3,9,80,2,1,19,0,1,0,
heavy,basic,72,victory,2,6,74,3,1,17,0,0,0,
heavy,basic,73,victory,3,9,80,3,1,19,0,1,0,
heavy,basic,74,victory,3,8,77,3,1,19,0,1,0,
heavy,basic,75,victory,2,6,74,3,1,19,0,1,0,
heavy,basic,76,victory,2,7,80,0,1,17,0,0,0,
heavy,basic,77,victory,3,9,80,4,1,19,0,1,0,
heavy,basic,78,victory,3,9,80,5,1,19,0,1,0,
heavy,basic,79,victory,3,8,80,5,1,19,0,1,0,
heavy,basic,80,victory,3,9,80,5,1,19,0,1,0,
heavy,basic,81,victory,3,8,77,3,1,19,0,1,0,
heavy,basic,82,victory,2,7,80,0,1,17,0,0,0,
heavy,basic,83,victory,2,7,80,0,1,17,0,0,0,
heavy,basic,84,victory,2,7,80,0,1,19,0,1,0,
heavy,basic,85,victory,3,9,80,2,1,19,0,1,0,
heavy,basic,86,victory,2,6,74,3,1,17,0,0,0,
heavy,basic,87,victory,2,6,74,3,1,17,0,0,0,
heavy,basic,88,victory,3,8,77,3,1,19,0,1,0,
heavy,basic,89,victory,3,9,80,4,1,19,0,1,0,
heavy,basic,90,victory,3,9,80,5,1,19,0,1,0,
heavy,basic,91,victory,3,9,80,5,1,19,0,1,0,
heavy,basic,92,victory,2,6,74,3,1,19,0,1,0,
heavy,basic,93,victory,2,6,74,3,1,19,0,1,0,
heavy,basic,94,victory,2,6,74,3,1,17,0,0,0,
heavy,basic,95,victory,2,6,74,3,1,17,0,0,0,
heavy,basic,96,victory,3,9,80,4,1,19,0,1,0,
heavy,basic,97,victory,2,7,80,0,1,17,0,0,0,
heavy,basic,98,victory,3,11,76,1,1,18,0,1,0,
heavy,basic,99,victory,3,9,80,5,1,19,0,1,0,
heavy,basic,100,victory,2,7,80,0,1,17,0,0,0,
heavy,armored,1,victory,7,27,74,2,1,57,0,1,0,
heavy,armored,2,victory,7,27,72,2,1,56,0,1,0,
heavy,armored,3,victory,8,28,74,4,1,55,0,1,0,
heavy,armored,4,victory,7,28,75,1,1,61,0,1,0,
heavy,armored,5,victory,7,26,74,2,1,54,0,1,0,
heavy,armored,6,victory,7,26,80,2,1,57,0,1,0,
heavy,armored,7,victory,8,29,80,3,1,61,0,1,0,
heavy,armored,8,victory,6,24,72,1,1,57,0,1,0,
heavy,armored,9,victory,8,31,80,3,1,60,0,1,0,
heavy,armored,10,victory,8,30,80,2,1,53,0,1,0,
heavy,armored,11,victory,7,25,80,2,1,60,0,1,0,
heavy,armored,12,victory,8,30,80,2,1,58,0,1,0,
heavy,armored,13,victory,8,30,74,4,1,61,0,1,0,
heavy,armored,14,victory,7,25,80,2,1,53,0,1,0,
heavy,armored,15,victory,8,31,80,2,1,59,0,1,0,
heavy,armored,16,victory,7,25,80,1,1,53,0,1,0,
heavy,armored,17,victory,7,25,74,1,1,53,0,1,0,
heavy,armored,18,victory,7,29,80,1,1,61,0,1,0,
heavy,armored,19,victory,8,28,72,2,1,59,0,1,0,
heavy,armored,20,victory,8,30,72,4,1,61,0,1,0,
heavy,armored,21,victory,7,26,72,2,1,61,0,1,0,
heavy,armored,22,victory,6,23,80,3,1,57,0,1,0,
heavy,armored,23,victory,7,26,80,2,1,57,0,1,0,
heavy,armored,24,victory,8,30,80,2,1,56,0,1,0,
heavy,armored,25,victory,7,27,80,1,1,60,0,1,0,
heavy,armored,26,victory,7,25,72,1,1,58,0,1,0,
heavy,armored,27,victory,7,28,80,2,1,57,0,1,0,
heavy,armored,28,victory,7,26,80,1,1,57,0,1,0,
heavy,armored,29,victory,7,26,80,4,1,57,0,1,0,
heavy,armored,30,victory,8,30,80,3,1,60,0,1,0,
heavy,armored,31,victory,7,25,74,2,1,57,0,1,0,
heavy,armored,32,victory,7,25,80,4,1,57,0,1,0,
heavy,armored,33,victory,7,25,74,1,1,60,0,1,0,
heavy,armored,34,victory,8,29,72,0,1,55,0,1,0,
heavy,armored,35,victory,7,27,64,1,1,59,0,1,0,
heavy,armored,36,victory,6,24,80,0,1,57,0,1,0,
heavy,armored,37,victory,8,30,75,2,1,58,0,1,0,
heavy,armored,38,victory,7,28,80,2,1,60,0,1,0,
heavy,armored,39,victory,7,27,74,2,1,56,0,1,0,
heavy,armored,40,victory,8,29,72,1,1,56,0,1,0,
heavy,armored,41,victory,7,27,80,2,1,57,0,1,0,
heavy,armored,42,victory,6,24,80,1,1,57,0,1,0,
heavy,armored,43,victory,7,26,80,2,1,57,0,1,0,
heavy,armored,44,victory,7,24,64,3,1,55,0,1,0,
heavy,armored,45,victory,7,28,72,4,1,56,0,1,0,
heavy,armored,46,victory,7,27,74,2,1,58,0,1,0,
heavy,armored,47,victory,7,26,72,2,1,61,0,1,0,
heavy,armored,48,victory,6,22,72,3,1,53,0,1,0,
heavy,armored,49,victory,7,27,80,1,1,57,0,1,0,
heavy,armored,50,victory,7,29,80,0,1,61,0,1,0,
heavy,armored,51,victory,6,20,62,1,1,55,0,1,0,
heavy,armored,52,victory,7,25,66,3,1,61,0,1,0,
heavy,armored,53,victory,8,29,80,1,1,59,0,1,0,
heavy,armored,54,victory,6,24,80,1,1,53,0,1,0,
heavy,armored,55,victory,6,24,72,1,1,57,0,1,0,
heavy,armored,56,victory,7,27,74,4,1,57,0,1,0,
heavy,armored,57,victory,7,25,80,1,1,53,0,1,0,
heavy,armored,58,victory,7,26,80,2,1,52,0,1,0,
heavy,armored,59,victory,7,24,64,1,1,55,0,1,0,
heavy,armored,60,victory,7,25,80,1,1,55,0,1,0,
heavy,armored,61,victory,7,26,80,1,1,58,0,1,0,
heavy,armored,62,victory,7,25,80,4,1,57,0,1,0,
heavy,armored,63,victory,7,27,80,1,1,60,0,1,0,
heavy,armored,64,victory,6,23,72,0,1,56,0,1,0,
heavy,armored,65,victory,7,25,74,5,1,53,0,1,0,
heavy,armored,66,victory,6,23,74,2,1,57,0,1,0,
heavy,armored,67,victory,6,21,72,3,1,53,0,1,0,
heavy,armored,68,victory,7,28,80,0,1,57,0,1,0,
heavy,armored,69,victory,7,27,80,0,1,60,0,1,0,
heavy,armored,70,victory,8,31,80,1,1,57,0,1,0,
heavy,armored,71,victory,8,30,80,3,1,58,0,1,0,
heavy,armored,72,victory,7,26,74,2,1,57,0,1,0,
heavy,armored,73,victory,7,25,74,1,1,57,0,1,0,
heavy,armored,74,victory,7,24,69,2,1,51,0,1,0,
heavy,armored,75,victory,7,24,64,2,1,58,0,1,0,
heavy,armored,76,victory,7,26,80,3,1,55,0,1,0,
heavy,armored,77,victory,7,27,72,2,1,56,0,1,0,
heavy,armored,78,victory,7,25,80,2,1,57,0,1,0,
heavy,armored,79,victory,7,25,80,1,1,57,0,1,0,
heavy,armored,80,victory,8,28,72,2,1,58,0,1,0,
heavy,armored,81,victory,7,27,80,3,1,57,0,1,0,
heavy,armored,82,victory,7,24,74,0,1,51,0,1,0,
heavy,armored,83,victory,7,23,64,3,1,59,0,1,0,
heavy,armored,84,victory,7,27,80,1,1,60,0,1,0,
heavy,armored,85,victory,7,25,80,4,1,57,0,1,0,
heavy,armored,86,victory,8,30,80,3,1,61,0,1,0,
heavy,armored,87,victory,8,30,80,5,1,58,0,1,0,
heavy,armored,88,victory,7,26,80,3,1,60,0,1,0,
heavy,armored,89,victory,8,31,72,3,1,59,0,1,0,
heavy,armored,90,victory,7,24,72,1,1,55,0,1,0,
heavy,armored,91,victory,8,31,80,3,1,64,0,1,0,
heavy,armored,92,victory,7,27,67,1,1,58,0,1,0,
heavy,armored,93,victory,7,25,74,5,1,53,0,1,0,
heavy,armored,94,victory,8,30,80,5,1,57,0,1,0,
heavy,armored,95,victory,8,31,72,2,1,59,0,1,0,
heavy,armored,96,victory,7,26,80,3,1,57,0,1,0,
heavy,armored,97,victory,8,31,72,2,1,61,0,1,0,
heavy,armored,98,victory,7,26,80,0,1,53,0,1,0,
heavy,armored,99,victory,9,36,80,3,1,65,0,1,0,
heavy,armored,100,victory,6,22,80,0,1,51,0,1,0,
heavy,group,1,victory,4,14,79,3,1,16,0,0,0,
heavy,group,2,victory,4,13,71,4,1,21,0,0,0,
heavy,group,3,victory,3,10,74,0,1,19,0,0,0,
heavy,group,4,victory,3,10,73,1,1,26,0,0,0,
heavy,group,5,victory,4,13,71,4,1,21,0,0,0,
heavy,group,6,victory,3,10,74,0,1,21,0,0,0,
heavy,group,7,victory,4,14,71,1,1,23,0,0,0,
heavy,group,8,victory,3,10,71,0,1,21,0,0,0,
heavy,group,9,victory,4,12,71,2,1,21,0,0,0,
heavy,group,10,victory,4,14,74,4,1,21,0,0,0,
heavy,group,11,victory,3,10,71,2,1,24,0,0,0,
heavy,group,12,victory,3,10,71,1,1,21,0,0,0,
heavy,group,13,victory,3,9,68,1,1,19,0,0,0,
heavy,group,14,victory,3,9,71,3,1,19,0,0,0,
heavy,group,15,victory,3,10,71,2,1,24,0,0,0,
heavy,group,16,victory,3,10,71,0,1,21,0,0,0,
heavy,group,17,victory,3,10,71,1,1,21,0,0,0,
heavy,group,18,victory,3,9,73,2,1,21,0,0,0,
heavy,group,19,victory,4,12,74,1,1,21,0,0,0,
heavy,group,20,victory,3,9,68,2,1,21,0,0,0,
heavy,group,21,victory,4,14,76,4,1,23,0,0,0,
heavy,group,22,victory,3,10,71,2,1,24,0,0,0,
heavy,group,23,victory,4,13,71,4,1,21,0,0,0,
heavy,group,24,victory,3,10,71,0,1,21,0,0,0,
heavy,group,25,victory,3,10,71,1,1,21,0,0,0,
heavy,group,26,victory,3,9,71,3,1,19,0,0,0,
heavy,group,27,victory,3,10,71,0,1,21,0,0,0,
heavy,group,28,victory,3,10,74,0,1,19,0,0,0,
heavy,group,29,victory,3,10,71,0,1,21,0,0,0,
heavy,group,30,victory,3,10,74,0,1,19,0,0,0,
heavy,group,31,victory,3,9,71,3,1,19,0,0,0,
heavy,group,32,victory,3,10,71,4,1,21,0,0,0,
heavy,group,33,victory,4,12,78,1,1,14,0,0,0,
heavy,group,34,victory,3,11,73,1,1,20,0,0,0,
heavy,group,35,victory,4,12,74,1,1,19,0,0,0,
heavy,group,36,victory,4,13,74,2,1,23,0,0,0,
heavy,group,37,victory,3,9,71,3,1,19,0,0,0,
heavy,group,38,victory,4,14,71,2,1,23,0,0,0,
heavy,group,39,victory,4,13,71,4,1,21,0,0,0,
heavy,group,40,victory,3,10,71,0,1,21,0,0,0,
heavy,group,41,victory,3,9,73,2,1,21,0,0,0,
heavy,group,42,victory,3,9,71,3,1,19,0,0,0,
heavy,group,43,victory,3,10,70,0,1,26,0,0,0,
heavy,group,44,victory,3,9,71,3,1,19,0,0,0,
heavy,group,45,victory,3,10,76,0,1,21,0,0,0,
heavy,group,46,victory,4,12,71,2,1,21,0,0,0,
heavy,group,47,victory,3,11,74,1,1,23,0,0,0,
heavy,group,48,victory,3,10,71,1,1,21,0,0,0,
heavy,group,49,victory,4,12,74,1,1,19,0,0,0,
heavy,group,50,victory,4,11,70,2,1,21,0,0,0,
heavy,group,51,victory,4,14,77,1,1,21,0,0,0,
heavy,group,52,victory,4,11,70,2,1,17,0,0,0,
heavy,group,53,victory,4,12,70,1,1,26,0,0,0,
heavy,group,54,victory,3,10,71,0,1,21,0,0,0,
heavy,group,55,victory,3,10,71,0,1,21,0,0,0,
heavy,group,56,victory,4,14,77,3,1,19,0,0,0,
heavy,group,57,victory,4,14,78,2,1,21,0,0,0,
heavy,group,58,victory,4,12,68,2,1,23,0,0,0,
heavy,group,59,victory,3,11,74,1,1,23,0,0,0,
heavy,group,60,victory,4,13,76,2,1,23,0,0,0,
heavy,group,61,victory,3,11,74,1,1,21,0,0,0,
heavy,group,62,victory,3,10,74,0,1,21,0,0,0,
heavy,group,63,victory,3,10,71,1,1,21,0,0,0,
heavy,group,64,victory,3,10,74,0,1,21,0,0,0,
heavy,group,65,victory,4,12,78,1,1,14,0,0,0,
heavy,group,66,victory,4,14,77,1,1,21,0,0,0,
heavy,group,67,victory,4,12,71,5,1,21,0,0,0,
heavy,group,68,victory,4,13,73,3,1,26,0,0,0,
heavy,group,69,victory,3,10,74,0,1,19,0,0,0,
heavy,group,70,victory,3,10,71,0,1,21,0,0,0,
heavy,group,71,victory,3,9,71,3,1,19,0,0,0,
heavy,group,72,victory,3,10,71,1,1,21,0,0,0,
heavy,group,73,victory,4,12,74,2,1,14,0,0,0,
heavy,group,74,victory,3,10,71,2,1,24,0,0,0,
heavy,group,75,victory,4,14,71,2,1,26,0,0,0,
heavy,group,76,victory,3,10,71,1,1,21,0,0,0,
heavy,group,77,victory,4,12,74,2,1,14,0,0,0,
heavy,group,78,victory,3,9,71,3,1,19,0,0,0,
heavy,group,79,victory,3,10,76,0,1,21,0,0,0,
heavy,group,80,victory,4,13,74,2,1,21,0,0,0,
heavy,group,81,victory,3,9,70,1,1,21,0,0,0,
heavy,group,82,victory,3,10,71,0,1,21,0,0,0,
heavy,group,83,victory,4,13,71,4,1,21,0,0,0,
heavy,group,84,victory,4,12,71,1,1,21,0,0,0,
heavy,group,85,victory,3,10,74,0,1,21,0,0,0,
heavy,group,86,victory,3,10,71,1,1,21,0,0,0,
heavy,group,87,victory,3,10,71,0,1,21,0,0,0,
heavy,group,88,victory,4,12,70,1,1,26,0,0,0,
heavy,group,89,victory,4,12,74,2,1,14,0,0,0,
heavy,group,90,victory,4,13,74,2,1,21,0,0,0,
heavy,group,91,victory,3,11,74,1,1,21,0,0,0,
heavy,group,92,victory,3,10,71,0,1,21,0,0,0,
heavy,group,93,victory,4,13,71,2,1,23,0,0,0,
heavy,group,94,victory,4,12,71,1,1,19,0,0,0,
heavy,group,95,victory,3,10,71,0,1,21,0,0,0,
heavy,group,96,victory,3,10,74,0,1,21,0,0,0,
heavy,group,97,victory,3,10,71,1,1,21,0,0,0,
heavy,group,98,victory,4,14,73,4,1,20,0,0,0,
heavy,group,99,victory,3,10,74,0,1,21,0,0,0,
heavy,group,100,victory,3,10,71,1,1,21,0,0,0,
heavy,resistant,1,victory,3,10,75,2,1,23,0,1,0,
heavy,resistant,2,victory,3,9,73,1,1,21,0,0,0,
heavy,resistant,3,victory,3,10,80,4,1,23,0,1,0,
heavy,resistant,4,victory,3,11,80,1,1,26,0,1,0,
heavy,resistant,5,victory,3,9,73,1,1,21,0,0,0,
heavy,resistant,6,victory,3,10,80,5,1,23,0,1,0,
heavy,resistant,7,victory,3,9,73,1,1,21,0,0,0,
heavy,resistant,8,victory,3,9,73,1,1,21,0,0,0,
heavy,resistant,9,victory,3,9,73,1,1,21,0,0,0,
heavy,resistant,10,victory,4,14,80,5,1,23,0,1,0,
heavy,resistant,11,victory,3,10,80,4,1,23,0,1,0,
heavy,resistant,12,victory,3,9,73,1,1,21,0,0,0,
heavy,resistant,13,victory,3,11,80,1,1,26,0,1,0,
heavy,resistant,14,victory,3,10,80,2,1,26,0,1,0,
heavy,resistant,15,victory,3,10,80,5,1,23,0,1,0,
heavy,resistant,16,victory,3,9,73,1,1,21,0,0,0,
heavy,resistant,17,victory,3,9,73,1,1,21,0,0,0,
heavy,resistant,18,victory,3,11,80,1,1,26,0,1,0,
heavy,resistant,19,victory,3,10,80,2,1,26,0,1,0,
heavy,resistant,20,victory,3,8,66,3,1,21,0,0,0,
heavy,resistant,21,victory,3,10,80,0,1,26,0,1,0,
heavy,resistant,22,victory,3,10,80,4,1,23,0,1,0,
heavy,resistant,23,victory,3,10,80,3,1,23,0,1,0,
heavy,resistant,24,victory,3,9,73,1,1,21,0,0,0,
heavy,resistant,25,victory,3,9,73,1,1,21,0,0,0,
heavy,resistant,26,victory,3,10,80,4,1,23,0,1,0,
heavy,resistant,27,victory,3,9,73,1,1,21,0,0,0,
heavy,resistant,28,victory,3,10,80,2,1,26,0,1,0,
heavy,resistant,29,victory,3,9,73,1,1,21,0,0,0,
heavy,resistant,30,victory,3,10,80,0,1,21,0,0,0,
heavy,resistant,31,victory,3,10,80,2,1,26,0,1,0,
heavy,resistant,32,victory,3,10,80,5,1,23,0,1,0,
heavy,resistant,33,victory,3,10,75,3,1,23,0,1,0,
heavy,resistant,34,victory,3,11,80,4,1,23,0,1,0,
heavy,resistant,35,victory,3,11,80,4,1,23,0,1,0,
heavy,resistant,36,victory,3,10,80,3,1,26,0,1,0,
heavy,resistant,37,victory,3,10,76,1,1,26,0,1,0,
heavy,resistant,38,victory,3,11,73,1,1,21,0,0,0,
heavy,resistant,39,victory,3,9,73,1,1,21,0,0,0,
heavy,resistant,40,victory,3,9,73,1,1,21,0,0,0,
heavy,resistant,41,victory,3,10,80,2,1,26,0,1,0,
heavy,resistant,42,victory,3,10,80,3,1,26,0,1,0,
heavy,resistant,43,victory,3,11,80,2,1,26,0,1,0,
heavy,resistant,44,victory,3,10,80,2,1,26,0,1,0,
heavy,resistant,45,victory,4,13,80,5,1,23,0,1,0,
heavy,resistant,46,victory,3,9,73,1,1,21,0,0,0,
heavy,resistant,47,victory,3,10,80,5,1,23,0,1,0,
heavy,resistant,48,victory,3,9,73,1,1,21,0,0,0,
heavy,resistant,49,victory,3,9,73,3,1,21,0,0,0,
heavy,resistant,50,victory,3,11,80,3,1,23,0,1,0,
heavy,resistant,51,victory,3,10,75,1,1,26,0,1,0,
heavy,resistant,52,victory,3,10,73,1,1,26,0,1,0,
heavy,resistant,53,victory,3,11,80,2,1,26,0,1,0,
heavy,resistant,54,victory,3,9,73,1,1,21,0,0,0,
heavy,resistant,55,victory,3,9,73,1,1,21,0,0,0,
heavy,resistant,56,victory,3,10,75,1,1,26,0,1,0,
heavy,resistant,57,victory,3,10,75,3,1,23,0,1,0,
heavy,resistant,58,victory,3,9,73,1,1,21,0,0,0,
heavy,resistant,59,victory,3,10,80,4,1,23,0,1,0,
heavy,resistant,60,victory,3,11,80,4,1,23,0,1,0,
heavy,resistant,61,victory,3,10,80,1,1,21,0,0,0,
heavy,resistant,62,victory,4,13,80,3,1,26,0,1,0,
heavy,resistant,63,victory,3,9,73,1,1,21,0,0,0,
heavy,resistant,64,victory,3,10,80,3,1,26,0,1,0,
heavy,resistant,65,victory,3,10,75,1,1,26,0,1,0,
heavy,resistant,66,victory,3,10,75,1,1,26,0,1,0,
heavy,resistant,67,victory,3,10,80,2,1,26,0,1,0,
heavy,resistant,68,victory,4,12,80,4,1,21,0,0,0,
heavy,resistant,69,victory,3,11,80,2,1,26,0,1,0,
heavy,resistant,70,victory,3,9,73,1,1,21,0,0,0,
heavy,resistant,71,victory,3,10,80,2,1,26,0,1,0,
heavy,resistant,72,victory,3,9,73,1,1,21,0,0,0,
heavy,resistant,73,victory,3,10,75,1,1,26,0,1,0,
heavy,resistant,74,victory,3,10,76,1,1,26,0,1,0,
heavy,resistant,75,victory,3,9,73,1,1,21,0,0,0,
heavy,resistant,76,victory,3,9,73,1,1,21,0,0,0,
heavy,resistant,77,victory,3,11,80,0,1,23,0,1,0,
heavy,resistant,78,victory,3,10,80,4,1,23,0,1,0,
heavy,resistant,79,victory,3,10,80,5,1,23,0,1,0,
heavy,resistant,80,victory,3,10,80,2,1,26,0,1,0,
heavy,resistant,81,victory,3,11,80,4,1,23,0,1,0,
heavy,resistant,82,victory,3,9,73,1,1,21,0,0,0,
heavy,resistant,83,victory,3,9,73,1,1,21,0,0,0,
heavy,resistant,84,victory,3,9,73,1,1,21,0,0,0,
heavy,resistant,85,victory,3,10,80,2,1,26,0,1,0,
heavy,resistant,86,victory,3,9,73,0,1,21,0,0,0,
heavy,resistant,87,victory,3,9,73,1,1,21,0,0,0,
heavy,resistant,88,victory,3,11,80,2,1,26,0,1,0,
heavy,resistant,89,victory,3,11,80,0,1,23,0,1,0,
heavy,resistant,90,victory,3,10,80,4,1,23,0,1,0,
heavy,resistant,91,victory,3,10,80,2,1,26,0,1,0,
heavy,resistant,92,victory,3,9,73,1,1,21,0,0,0,
heavy,resistant,93,victory,3,9,73,1,1,21,0,0,0,
heavy,resistant,94,victory,3,11,73,1,1,21,0,0,0,
heavy,resistant,95,victory,3,9,73,1,1,21,0,0,0,
heavy,resistant,96,victory,3,10,80,1,1,26,0,1,0,
heavy,resistant,97,victory,3,9,73,1,1,21,0,0,0,
heavy,resistant,98,victory,4,14,80,5,1,23,0,1,0,
heavy,resistant,99,victory,3,11,80,3,1,23,0,1,0,
heavy,resistant,100,victory,3,9,73,1,1,21,0,0,0,
heavy,boss,1,victory,8,30,64,2,1,68,0,1,0,
heavy,boss,2,victory,7,24,48,2,1,62,0,1,0,
heavy,boss,3,victory,9,33,56,1,1,71,0,1,0,
heavy,boss,4,victory,7,25,56,1,1,61,0,1,0,
heavy,boss,5,victory,8,28,48,0,1,67,0,1,0,
heavy,boss,6,victory,8,30,72,0,1,72,0,1,0,
heavy,boss,7,victory,9,32,60,1,1,63,0,1,0,
heavy,boss,8,victory,8,30,58,3,1,67,0,1,0,
heavy,boss,9,victory,8,28,50,1,1,62,0,1,0,
heavy,boss,10,victory,7,27,72,0,1,65,0,1,0,
heavy,boss,11,victory,8,31,72,3,1,69,0,1,0,
heavy,boss,12,victory,7,25,56,1,1,67,0,1,0,
heavy,boss,13,victory,7,26,52,0,1,66,0,1,0,
heavy,boss,14,victory,7,24,56,0,1,58,0,1,0,
heavy,boss,15,victory,8,32,76,1,1,69,0,1,0,
heavy,boss,16,victory,7,25,56,0,1,67,0,1,0,
heavy,boss,17,victory,8,29,53,1,1,64,0,1,0,
heavy,boss,18,victory,8,32,74,0,1,72,0,1,0,
heavy,boss,19,victory,8,27,56,1,1,62,0,1,0,
heavy,boss,20,victory,9,33,66,2,1,69,0,1,0,
heavy,boss,21,victory,7,25,64,0,1,68,0,1,0,
heavy,boss,22,victory,8,27,54,2,1,62,0,1,0,
heavy,boss,23,victory,8,29,58,0,1,69,0,1,0,
heavy,boss,24,victory,8,29,50,2,1,62,0,1,0,
heavy,boss,25,victory,8,29,53,1,1,66,0,1,0,
heavy,boss,26,victory,7,27,72,1,1,68,0,1,0,
heavy,boss,27,victory,8,28,54,3,1,66,0,1,0,
heavy,boss,28,victory,8,27,54,3,1,62,0,1,0,
heavy,boss,29,victory,8,30,58,1,1,62,0,1,0,
heavy,boss,30,victory,9,34,70,1,1,67,0,1,0,
heavy,boss,31,victory,9,31,60,1,1,61,0,1,0,
heavy,boss,32,victory,8,28,62,3,1,69,0,1,0,
heavy,boss,33,victory,8,30,64,1,1,72,0,1,0,
heavy,boss,34,victory,9,34,70,2,1,71,0,1,0,
heavy,boss,35,victory,9,32,48,3,1,71,0,1,0,
heavy,boss,36,victory,7,27,70,0,1,68,0,1,0,
heavy,boss,37,victory,7,24,57,1,1,68,0,1,0,
heavy,boss,38,victory,7,25,56,1,1,66,0,1,0,
heavy,boss,39,victory,7,26,58,1,1,58,0,1,0,
heavy,boss,40,victory,9,32,48,2,1,71,0,1,0,
heavy,boss,41,victory,7,25,56,0,1,66,0,1,0,
heavy,boss,42,victory,8,31,74,1,1,69,0,1,0,
heavy,boss,43,victory,8,30,68,3,1,69,0,1,0,
heavy,boss,44,victory,8,28,64,2,1,65,0,1,0,
heavy,boss,45,victory,7,26,72,0,1,68,0,1,0,
heavy,boss,46,victory,7,25,45,0,1,65,0,1,0,
heavy,boss,47,victory,8,30,72,2,1,68,0,1,0,
heavy,boss,48,victory,8,27,52,1,1,58,0,1,0,
heavy,boss,49,victory,9,34,62,1,1,67,0,1,0,
heavy,boss,50,victory,8,30,72,1,1,67,0,1,0,
heavy,boss,51,victory,8,30,56,1,1,69,0,1,0,
heavy,boss,52,victory,9,33,58,1,1,70,0,1,0,
heavy,boss,53,victory,9,35,78,5,1,69,0,1,0,
heavy,boss,54,victory,7,24,48,1,1,60,0,1,0,
heavy,boss,55,victory,8,28,54,3,1,66,0,1,0,
heavy,boss,56,victory,8,29,58,1,1,72,0,1,0,
heavy,boss,57,victory,8,32,64,4,1,69,0,1,0,
heavy,boss,58,victory,9,32,48,1,1,60,0,1,0,
heavy,boss,59,victory,8,28,64,2,1,64,0,1,0,
heavy,boss,60,victory,7,26,58,2,1,63,0,1,0,
heavy,boss,61,victory,8,30,60,2,1,70,0,1,0,
heavy,boss,62,victory,7,26,60,1,1,63,0,1,0,
heavy,boss,63,victory,7,23,40,1,1,60,0,1,0,
heavy,boss,64,victory,7,26,52,1,1,66,0,1,0,
heavy,boss,65,victory,9,34,72,2,1,67,0,1,0,
heavy,boss,66,victory,8,27,48,1,1,61,0,1,0,
heavy,boss,67,victory,7,27,72,1,1,68,0,1,0,
heavy,boss,68,victory,8,28,56,0,1,62,0,1,0,
heavy,boss,69,victory,9,36,71,2,1,69,0,1,0,
heavy,boss,70,victory,8,30,58,3,1,67,0,1,0,
heavy,boss,71,victory,7,24,56,0,1,58,0,1,0,
heavy,boss,72,victory,9,32,61,2,1,66,0,1,0,
heavy,boss,73,victory,7,27,64,0,1,63,0,1,0,
heavy,boss,74,victory,8,28,73,2,1,68,0,1,0,
heavy,boss,75,victory,8,27,54,1,1,62,0,1,0,
heavy,boss,76,victory,8,27,48,2,1,62,0,1,0,
heavy,boss,77,victory,7,26,58,1,1,63,0,1,0,
heavy,boss,78,victory,7,25,56,2,1,63,0,1,0,
heavy,boss,79,victory,8,27,55,2,1,60,0,1,0,
heavy,boss,80,victory,8,30,56,1,1,70,0,1,0,
heavy,boss,81,victory,8,30,72,1,1,67,0,1,0,
heavy,boss,82,victory,7,25,56,0,1,65,0,1,0,
heavy,boss,83,victory,7,25,56,0,1,65,0,1,0,
heavy,boss,84,victory,8,29,56,2,1,62,0,1,0,
heavy,boss,85,victory,7,29,68,1,1,69,0,1,0,
heavy,boss,86,victory,7,25,56,2,1,62,0,1,0,
heavy,boss,87,victory,7,25,56,1,1,66,0,1,0,
heavy,boss,88,victory,7,26,60,0,1,68,0,1,0,
heavy,boss,89,victory,9,34,60,4,1,72,0,1,0,
heavy,boss,90,victory,7,24,56,1,1,63,0,1,0,
heavy,boss,91,victory,7,27,66,1,1,68,0,1,0,
heavy,boss,92,victory,8,29,51,1,1,67,0,1,0,
heavy,boss,93,victory,8,28,56,3,1,62,0,1,0,
heavy,boss,94,victory,8,30,64,1,1,72,0,1,0,
heavy,boss,95,victory,7,22,40,0,1,58,0,1,0,
heavy,boss,96,victory,9,31,48,2,1,61,0,1,0,
heavy,boss,97,victory,8,29,63,1,1,62,0,1,0,
heavy,boss,98,victory,9,36,78,2,1,69,0,1,0,
heavy,boss,99,victory,9,30,36,2,1,64,0,1,0,
heavy,boss,100,victory,7,26,60,0,1,63,0,1,0,
heavy,gauntlet,1,victory,9,32,58,2,1,64,0,1,0,3
heavy,gauntlet,2,victory,8,27,46,0,1,57,0,1,0,3
heavy,gauntlet,3,victory,9,32,52,2,1,64,0,1,0,3
heavy,gauntlet,4,victory,8,29,51,2,1,64,0,1,0,3
heavy,gauntlet,5,victory,7,25,28,0,1,65,0,1,0,3
heavy,gauntlet,6,victory,8,32,72,1,1,72,0,1,0,3
heavy,gauntlet,7,victory,8,30,38,2,1,68,0,1,0,3
heavy,gauntlet,8,victory,7,23,34,0,1,58,0,1,0,3
heavy,gauntlet,9,victory,8,28,64,1,1,65,0,1,0,3
heavy,gauntlet,10,victory,8,29,52,1,1,61,0,1,0,3
heavy,gauntlet,11,victory,8,31,72,3,1,69,0,1,0,3
heavy,gauntlet,12,victory,8,32,45,1,1,69,0,1,0,3
heavy,gauntlet,13,victory,7,26,46,0,1,66,0,1,0,3
heavy,gauntlet,14,victory,8,28,62,1,1,62,0,1,0,3
heavy,gauntlet,15,victory,9,33,70,1,1,72,0,1,0,3
heavy,gauntlet,16,victory,8,26,40,1,1,67,0,1,0,3
heavy,gauntlet,17,victory,8,29,36,1,1,64,0,1,0,3
heavy,gauntlet,18,victory,9,35,66,1,1,73,0,1,0,3
heavy,gauntlet,19,victory,7,27,48,1,1,65,0,1,0,3
heavy,gauntlet,20,victory,8,29,40,0,1,72,0,1,0,3
heavy,gauntlet,21,victory,8,29,51,1,1,72,0,1,0,3
heavy,gauntlet,22,victory,8,30,70,0,1,69,0,1,0,3
heavy,gauntlet,23,victory,8,26,44,2,1,60,0,1,0,3
heavy,gauntlet,24,victory,8,30,33,2,1,66,0,1,0,3
heavy,gauntlet,25,victory,7,24,40,0,1,65,0,1,0,3
heavy,gauntlet,26,victory,8,29,50,2,1,69,0,1,0,3
heavy,gauntlet,27,victory,8,27,40,1,1,67,0,1,0,3
heavy,gauntlet,28,victory,8,30,56,3,1,64,0,1,0,3
heavy,gauntlet,29,victory,8,28,32,0,1,59,0,1,0,3
heavy,gauntlet,30,victory,10,36,64,1,1,66,0,1,0,3
heavy,gauntlet,31,victory,8,28,68,1,1,68,0,1,0,3
heavy,gauntlet,32,victory,8,27,54,2,1,64,0,1,0,3
heavy,gauntlet,33,victory,9,35,57,0,1,69,0,1,0,3
heavy,gauntlet,34,victory,7,27,44,1,1,63,0,1,0,3
heavy,gauntlet,35,victory,9,32,48,3,1,71,0,1,0,3
heavy,gauntlet,36,victory,8,27,54,1,1,67,0,1,0,3
heavy,gauntlet,37,victory,8,28,32,2,1,67,0,1,0,3
heavy,gauntlet,38,victory,8,28,40,1,1,64,0,1,0,3
heavy,gauntlet,39,victory,8,28,38,1,1,69,0,1,0,3
heavy,gauntlet,40,victory,8,27,18,1,1,64,0,1,0,3
heavy,gauntlet,41,victory,7,26,62,2,1,68,0,1,0,3
heavy,gauntlet,42,victory,7,26,62,0,1,68,0,1,0,3
heavy,gauntlet,43,victory,9,34,49,2,1,68,0,1,0,3
heavy,gauntlet,44,victory,8,31,66,0,1,69,0,1,0,3
heavy,gauntlet,45,victory,8,27,46,1,1,67,0,1,0,3
heavy,gauntlet,46,victory,9,34,35,2,1,63,0,1,0,3
heavy,gauntlet,47,victory,8,28,48,1,1,65,0,1,0,3
heavy,gauntlet,48,victory,9,34,50,1,1,66,0,1,0,3
heavy,gauntlet,49,victory,7,24,42,0,1,58,0,1,0,3
heavy,gauntlet,50,victory,7,25,42,0,1,63,0,1,0,3
heavy,gauntlet,51,victory,7,25,44,0,1,63,0,1,0,3
heavy,gauntlet,52,victory,8,30,38,3,1,68,0,1,0,3
heavy,gauntlet,53,victory,8,30,55,1,1,64,0,1,0,3
heavy,gauntlet,54,victory,8,27,34,1,1,66,0,1,0,3
heavy,gauntlet,55,victory,8,31,50,1,1,72,0,1,0,3
heavy,gauntlet,56,victory,9,33,56,2,1,69,0,1,0,3
heavy,gauntlet,57,victory,8,30,61,0,1,62,0,1,0,3
heavy,gauntlet,58,victory,7,25,37,1,1,60,0,1,0,3
heavy,gauntlet,59,victory,7,24,30,2,1,63,0,1,0,3
heavy,gauntlet,60,victory,8,31,60,2,1,62,0,1,0,3
heavy,gauntlet,61,victory,8,28,30,0,1,70,0,1,0,3
heavy,gauntlet,62,victory,7,25,48,1,1,63,0,1,0,3
heavy,gauntlet,63,victory,6,22,44,1,1,63,0,1,0,3
heavy,gauntlet,64,victory,7,26,48,0,1,63,0,1,0,3
heavy,gauntlet,65,victory,8,30,64,3,1,67,0,1,0,3
heavy,gauntlet,66,victory,7,25,44,0,1,68,0,1,0,3
heavy,gauntlet,67,victory,8,31,64,2,1,65,0,1,0,3
heavy,gauntlet,68,victory,9,33,59,2,1,64,0,1,0,3
heavy,gauntlet,69,victory,8,29,50,0,1,62,0,1,0,3
heavy,gauntlet,70,victory,10,37,53,4,1,63,0,1,0,3
heavy,gauntlet,71,victory,8,29,62,1,1,68,0,1,0,3
heavy,gauntlet,72,victory,8,27,14,2,1,62,0,1,0,3
heavy,gauntlet,73,victory,9,35,62,1,1,66,0,1,0,3
heavy,gauntlet,74,victory,8,28,65,1,1,68,0,1,0,3
heavy,gauntlet,75,victory,7,23,16,0,1,65,0,1,0,3
heavy,gauntlet,76,victory,9,33,59,1,1,69,0,1,0,3
heavy,gauntlet,77,victory,7,25,48,2,1,65,0,1,0,3
heavy,gauntlet,78,victory,8,29,62,2,1,69,0,1,0,3
heavy,gauntlet,79,victory,8,29,56,1,1,60,0,1,0,3
heavy,gauntlet,80,victory,6,22,48,1,1,64,0,1,0,3
heavy,gauntlet,81,victory,8,30,64,1,1,67,0,1,0,3
heavy,gauntlet,82,victory,9,32,51,4,1,64,0,1,0,3
heavy,gauntlet,83,victory,8,30,54,2,1,69,0,1,0,3
heavy,gauntlet,84,victory,8,29,46,3,1,67,0,1,0,3
heavy,gauntlet,85,victory,7,28,60,3,1,69,0,1,0,3
heavy,gauntlet,86,victory,7,24,26,0,1,60,0,1,0,3
heavy,gauntlet,87,victory,8,29,50,0,1,67,0,1,0,3
heavy,gauntlet,88,victory,8,29,61,1,1,62,0,1,0,3
heavy,gauntlet,89,victory,9,34,52,3,1,72,0,1,0,3
heavy,gauntlet,90,victory,9,34,64,0,1,66,0,1,0,3
heavy,gauntlet,91,victory,8,30,74,0,1,65,0,1,0,3
heavy,gauntlet,92,victory,8,27,16,2,1,66,0,1,0,3
heavy,gauntlet,93,victory,7,25,34,1,1,65,0,1,0,3
heavy,gauntlet,94,victory,7,25,26,1,1,57,0,1,0,3
heavy,gauntlet,95,victory,8,27,22,1,1,64,0,1,0,3
heavy,gauntlet,96,victory,9,31,47,4,1,59,0,1,0,3
heavy,gauntlet,97,victory,9,31,46,2,1,68,0,1,0,3
heavy,gauntlet,98,victory,8,27,42,1,1,62,0,1,0,3
heavy,gauntlet,99,victory,8,29,58,3,1,60,0,1,0,3
heavy,gauntlet,100,victory,8,27,41,1,1,62,0,1,0,3
bleed,basic,1,victory,3,10,80,2,1,5,1,0,0,
bleed,basic,2,victory,3,10,80,3,1,5,1,0,0,
bleed,basic,3,victory,3,10,80,3,1,5,1,0,0,
bleed,basic,4,victory,3,10,80,2,1,5,1,0,0,
bleed,basic,5,victory,3,10,80,3,1,5,1,0,0,
bleed,basic,6,victory,3,10,80,3,1,5,1,0,0,
bleed,basic,7,victory,3,10,80,3,1,5,1,0,0,
bleed,basic,8,victory,3,10,80,3,1,5,1,0,0,
bleed,basic,9,victory,3,10,80,3,1,5,1,0,0,
bleed,basic,10,victory,3,10,80,3,1,5,1,0,0,
bleed,basic,11,victory,3,9,72,4,1,5,1,0,0,
bleed,basic,12,victory,3,10,80,3,1,5,1,0,0,
bleed,basic,13,victory,3,10,72,5,1,5,1,0,0,
bleed,basic,14,victory,3,9,72,4,1,5,1,0,0,
bleed,basic,15,victory,3,9,72,4,1,5,1,0,0,
bleed,basic,16,victory,3,9,72,4,1,5,1,0,0,
bleed,basic,17,victory,3,10,80,3,1,5,1,0,0,
bleed,basic,18,victory,3,10,80,2,1,5,1,0,0,
bleed,basic,19,victory,3,10,80,2,1,5,1,0,0,
bleed,basic,20,victory,3,9,72,3,1,5,1,0,0,
bleed,basic,21,victory,3,10,80,3,1,5,1,0,0,
bleed,basic,22,victory,3,9,72,4,1,5,1,0,0,
bleed,basic,23,victory,3,10,80,3,1,5,1,0,0,
bleed,basic,24,victory,3,10,72,5,1,5,1,0,0,
bleed,basic,25,victory,3,10,80,3,1,5,1,0,0,
bleed,basic,26,victory,3,9,72,4,1,5,1,0,0,
bleed,basic,27,victory,3,9,72,4,1,5,1,0,0,
bleed,basic,28,victory,3,10,80,3,1,5,1,0,0,
bleed,basic,29,victory,3,10,80,3,1,5,1,0,0,
bleed,basic,30,victory,3,10,80,2,1,5,1,0,0,
bleed,basic,31,victory,3,9,72,4,1,5,1,0,0,
bleed,basic,32,victory,3,10,80,3,1,5,1,0,0,
bleed,basic,33,victory,3,10,80,2,1,5,1,0,0,
bleed,basic,34,victory,3,10,74,1,1,5,1,0,0,
bleed,basic,35,victory,3,10,80,3,1,5,1,0,0,
bleed,basic,36,victory,3,10,80,3,1,5,1,0,0,
bleed,basic,37,victory,3,9,72,4,1,5,1,0,0,
bleed,basic,38,victory,3,10,80,3,1,5,1,0,0,
bleed,basic,39,victory,3,10,80,3,1,5,1,0,0,
bleed,basic,40,victory,3,10,80,3,1,5,1,0,0,
bleed,basic,41,victory,3,10,80,2,1,5,1,0,0,
bleed,basic,42,victory,3,10,80,3,1,5,1,0,0,
bleed,basic,43,victory,3,10,72,4,1,5,1,0,0,
bleed,basic,44,victory,3,9,72,4,1,5,1,0,0,
bleed,basic,45,victory,3,10,80,2,1,5,1,0,0,
bleed,basic,46,victory,3,10,80,3,1,5,1,0,0,
bleed,basic,47,victory,3,10,80,3,1,5,1,0,0,
bleed,basic,48,victory,3,10,80,3,1,5,1,0,0,
bleed,basic,49,victory,3,9,72,0,1,5,1,0,0,
bleed,basic,50,victory,3,10,72,4,1,5,1,0,0,
bleed,basic,51,victory,3,10,80,2,1,5,1,0,0,
bleed,basic,52,victory,3,9,72,3,1,5,1,0,0,
bleed,basic,53,victory,3,10,72,4,1,5,1,0,0,
bleed,basic,54,victory,3,10,80,3,1,5,1,0,0,
bleed,basic,55,victory,3,10,80,3,1,5,1,0,0,
bleed,basic,56,victory,4,14,80,3,1,5,1,0,0,
bleed,basic,57,victory,3,10,80,2,1,5,1,0,0,
bleed,basic,58,victory,3,10,72,5,1,5,1,0,0,
bleed,basic,59,victory,3,10,80,2,1,5,1,0,0,
bleed,basic,60,victory,3,10,80,3,1,5,1,0,0,
bleed,basic,61,victory,3,10,80,5,1,5,1,0,0,
bleed,basic,62,victory,3,10,80,2,1,5,1,0,0,
bleed,basic,63,victory,3,10,80,3,1,5,1,0,0,
bleed,basic,64,victory,3,10,80,3,1,5,1,0,0,
bleed,basic,65,victory,3,10,80,0,1,5,1,0,0,
bleed,basic,66,victory,3,10,80,2,1,5,1,0,0,
bleed,basic,67,victory,3,9,72,4,1,5,1,0,0,
bleed,basic,68,victory,3,10,80,1,1,5,1,0,0,
bleed,basic,69,victory,3,10,80,3,1,5,1,0,0,
bleed,basic,70,victory,3,9,72,3,1,5,1,0,0,
bleed,basic,71,victory,3,9,72,4,1,5,1,0,0,
bleed,basic,72,victory,3,10,80,3,1,5,1,0,0,
bleed,basic,73,victory,3,10,80,2,1,5,1,0,0,
bleed,basic,74,victory,3,9,72,4,1,5,1,0,0,
bleed,basic,75,victory,3,9,72,4,1,5,1,0,0,
bleed,basic,76,victory,3,10,72,5,1,5,1,0,0,
bleed,basic,77,victory,3,10,80,3,1,5,1,0,0,
bleed,basic,78,victory,3,9,72,4,1,5,1,0,0,
bleed,basic,79,victory,3,10,80,3,1,5,1,0,0,
bleed,basic,80,victory,3,10,80,3,1,5,1,0,0,
bleed,basic,81,victory,3,10,72,4,1,5,1,0,0,
bleed,basic,82,victory,3,10,80,1,1,5,1,0,0,
bleed,basic,83,victory,3,10,80,3,1,5,1,0,0,
bleed,basic,84,victory,3,10,80,3,1,5,1,0,0,
bleed,basic,85,victory,3,10,80,2,1,5,1,0,0,
bleed,basic,86,victory,3,10,80,3,1,5,1,0,0,
bleed,basic,87,victory,3,10,80,3,1,5,1,0,0,
bleed,basic,88,victory,3,10,72,4,1,5,1,0,0,
bleed,basic,89,victory,3,10,80,3,1,5,1,0,0,
bleed,basic,90,victory,3,10,80,3,1,5,1,0,0,
bleed,basic,91,victory,3,10,80,3,1,5,1,0,0,
bleed,basic,92,victory,3,9,72,4,1,5,1,0,0,
bleed,basic,93,victory,3,9,72,4,1,5,1,0,0,
bleed,basic,94,victory,3,10,72,3,1,5,1,0,0,
bleed,basic,95,victory,3,10,80,3,1,5,1,0,0,
bleed,basic,96,victory,3,10,80,2,1,5,1,0,0,
bleed,basic,97,victory,3,10,80,3,1,5,1,0,0,
bleed,basic,98,victory,3,10,74,1,1,5,1,0,0,
bleed,basic,99,victory,3,10,80,2,1,5,1,0,0,
bleed,basic,100,victory,3,10,72,5,1,5,1,0,0,
bleed,armored,1,victory,6,23,64,5,1,10,3,0,0,
bleed,armored,2,victory,5,18,68,2,1,10,3,0,0,
bleed,armored,3,victory,5,19,76,2,1,10,3,0,0,
bleed,armored,4,victory,5,20,68,1,1,10,3,0,0,
bleed,armored,5,victory,5,20,76,3,1,10,3,0,0,
bleed,armored,6,victory,5,19,64,2,1,10,3,0,0,
bleed,armored,7,victory,5,17,68,0,1,10,3,0,0,
bleed,armored,8,victory,5,18,68,2,1,10,3,0,0,
bleed,armored,9,victory,5,19,72,1,1,10,3,0,0,
bleed,armored,10,victory,5,18,68,1,1,10,3,0,0,
bleed,armored,11,victory,5,18,62,1,1,10,3,0,0,
bleed,armored,12,victory,5,19,68,4,1,10,3,0,0,
bleed,armored,13,victory,5,19,68,2,1,10,3,0,0,
bleed,armored,14,victory,5,19,70,0,1,10,3,0,0,
bleed,armored,15,victory,5,19,60,1,1,10,3,0,0,
bleed,armored,16,victory,5,20,70,1,1,10,3,0,0,
bleed,armored,17,victory,6,23,60,5,1,10,3,0,0,
bleed,armored,18,victory,5,18,68,1,1,10,3,0,0,
bleed,armored,19,victory,5,19,72,1,1,10,3,0,0,
bleed,armored,20,victory,5,18,68,1,1,10,3,0,0,
bleed,armored,21,victory,5,19,76,1,1,10,3,0,0,
bleed,armored,22,victory,5,19,70,1,1,10,3,0,0,
bleed,armored,23,victory,5,19,76,1,1,10,3,0,0,
bleed,armored,24,victory,5,19,70,0,1,10,3,0,0,
bleed,armored,25,victory,5,19,68,3,1,10,3,0,0,
bleed,armored,26,victory,5,20,70,2,1,10,3,0,0,
bleed,armored,27,victory,5,19,68,3,1,10,3,0,0,
bleed,armored,28,victory,6,24,76,4,1,10,3,0,0,
bleed,armored,29,victory,5,19,76,2,1,10,3,0,0,
bleed,armored,30,victory,5,20,72,2,1,10,3,0,0,
bleed,armored,31,victory,5,20,70,3,1,11,3,0,0,
bleed,armored,32,victory,5,18,68,1,1,10,3,0,0,
bleed,armored,33,victory,6,23,72,4,1,10,3,0,0,
bleed,armored,34,victory,6,23,80,3,1,10,3,0,0,
bleed,armored,35,victory,5,20,76,3,1,10,3,0,0,
bleed,armored,36,victory,5,19,60,4,1,10,3,0,0,
bleed,armored,37,victory,5,17,60,1,1,10,3,0,0,
bleed,armored,38,victory,5,20,70,1,1,10,3,0,0,
bleed,armored,39,victory,5,19,72,1,1,10,3,0,0,
bleed,armored,40,victory,5,21,76,2,1,10,3,0,0,
bleed,armored,41,victory,5,19,68,4,1,11,3,0,0,
bleed,armored,42,victory,5,19,76,2,1,10,3,0,0,
bleed,armored,43,victory,5,19,68,2,1,10,3,0,0,
bleed,armored,44,victory,5,19,70,2,1,11,3,0,0,
bleed,armored,45,victory,5,20,76,0,1,10,3,0,0,
bleed,armored,46,victory,5,18,68,1,1,10,3,0,0,
bleed,armored,47,victory,5,18,60,3,1,10,3,0,0,
bleed,armored,48,victory,6,23,68,4,1,10,3,0,0,
bleed,armored,49,victory,6,23,70,4,1,10,3,0,0,
bleed,armored,50,victory,5,20,68,4,1,10,3,0,0,
bleed,armored,51,victory,5,18,64,0,1,9,3,0,0,
bleed,armored,52,victory,5,18,62,0,1,10,3,0,0,
bleed,armored,53,victory,5,19,60,4,1,10,3,0,0,
bleed,armored,54,victory,5,19,76,2,1,10,3,0,0,
bleed,armored,55,victory,5,19,76,2,1,10,3,0,0,
bleed,armored,56,victory,5,19,72,0,1,10,3,0,0,
bleed,armored,57,victory,5,20,64,4,1,10,3,0,0,
bleed,armored,58,victory,5,19,60,0,1,10,3,0,0,
bleed,armored,59,victory,5,19,72,1,1,10,3,0,0,
bleed,armored,60,victory,5,18,68,1,1,10,3,0,0,
bleed,armored,61,victory,6,22,68,1,1,10,3,0,0,
bleed,armored,62,victory,5,19,76,0,1,10,3,0,0,
bleed,armored,63,victory,5,19,76,1,1,10,3,0,0,
bleed,armored,64,victory,5,19,68,2,1,10,3,0,0,
bleed,armored,65,victory,6,23,72,5,1,10,3,0,0,
bleed,armored,66,victory,6,21,64,3,1,10,3,0,0,
bleed,armored,67,victory,5,20,62,3,1,10,3,0,0,
bleed,armored,68,victory,5,18,68,1,1,10,3,0,0,
bleed,armored,69,victory,5,18,68,1,1,10,3,0,0,
bleed,armored,70,victory,5,19,60,5,1,10,3,0,0,
bleed,armored,71,victory,6,22,70,3,1,10,3,0,0,
bleed,armored,72,victory,5,18,68,1,1,10,3,0,0,
bleed,armored,73,victory,5,19,72,1,1,9,3,0,0,
bleed,armored,74,victory,5,18,68,1,1,10,3,0,0,
bleed,armored,75,victory,5,19,68,3,1,10,3,0,0,
bleed,armored,76,victory,6,23,70,4,1,10,3,0,0,
bleed,armored,77,victory,5,19,68,3,1,9,3,0,0,
bleed,armored,78,victory,5,19,68,3,1,10,3,0,0,
bleed,armored,79,victory,5,21,76,2,1,10,3,0,0,
bleed,armored,80,victory,5,19,76,1,1,10,3,0,0,
bleed,armored,81,victory,5,19,60,1,1,10,3,0,0,
bleed,armored,82,victory,5,20,80,1,1,9,3,0,0,
bleed,armored,83,victory,5,19,76,1,1,10,3,0,0,
bleed,armored,84,victory,5,17,68,0,1,10,3,0,0,
bleed,armored,85,victory,5,19,68,2,1,10,3,0,0,
bleed,armored,86,victory,5,19,76,1,1,10,3,0,0,
bleed,armored,87,victory,5,20,76,0,1,10,3,0,0,
bleed,armored,88,victory,5,21,68,3,1,10,3,0,0,
bleed,armored,89,victory,5,19,68,2,1,10,3,0,0,
bleed,armored,90,victory,5,18,68,1,1,10,3,0,0,
bleed,armored,91,victory,5,19,76,1,1,10,3,0,0,
bleed,armored,92,victory,5,17,60,1,1,10,3,0,0,
bleed,armored,93,victory,5,19,70,1,1,10,3,0,0,
bleed,armored,94,victory,5,19,68,3,1,10,3,0,0,
bleed,armored,95,victory,5,18,68,1,1,10,3,0,0,
bleed,armored,96,victory,6,22,80,3,1,9,3,0,0,
bleed,armored,97,victory,5,17,60,1,1,10,3,0,0,
bleed,armored,98,victory,5,21,80,1,1,9,3,0,0,
bleed,armored,99,victory,6,20,60,3,1,10,3,0,0,
bleed,armored,100,victory,6,24,78,2,1,10,3,0,0,
bleed,group,1,victory,5,19,74,0,1,10,3,0,0,
bleed,group,2,victory,4,16,72,1,1,10,3,0,0,
bleed,group,3,victory,4,14,72,1,1,9,2,0,0,
bleed,group,4,victory,5,19,72,4,1,10,3,0,0,
bleed,group,5,victory,5,18,70,0,1,10,3,0,0,
bleed,group,6,victory,4,15,72,0,1,9,2,0,0,
bleed,group,7,victory,4,16,72,1,1,10,3,0,0,
bleed,group,8,victory,4,15,76,0,1,9,2,0,0,
bleed,group,9,victory,5,18,70,0,1,10,3,0,0,
bleed,group,10,victory,4,15,76,1,1,9,2,0,0,
bleed,group,11,victory,4,15,72,2,1,9,2,0,0,
bleed,group,12,victory,4,16,72,1,1,10,3,0,0,
bleed,group,13,victory,4,15,71,1,1,9,2,0,0,
bleed,group,14,victory,4,15,72,1,1,9,2,0,0,
bleed,group,15,victory,4,15,72,0,1,9,2,0,0,
bleed,group,16,victory,4,15,72,1,1,9,2,0,0,
bleed,group,17,victory,4,14,68,1,1,9,2,0,0,
bleed,group,18,victory,4,14,68,1,1,9,2,0,0,
bleed,group,19,victory,4,15,72,1,1,9,2,0,0,
bleed,group,20,victory,5,18,68,0,1,10,2,0,0,
bleed,group,21,victory,4,15,72,1,1,9,2,0,0,
bleed,group,22,victory,4,15,72,1,1,9,2,0,0,
bleed,group,23,victory,4,15,75,1,1,9,2,0,0,
bleed,group,24,victory,5,17,69,3,1,9,3,0,0,
bleed,group,25,victory,4,14,68,1,1,9,2,0,0,
bleed,group,26,victory,4,14,68,1,1,9,2,0,0,
bleed,group,27,victory,4,14,68,1,1,9,2,0,0,
bleed,group,28,victory,4,14,72,1,1,9,2,0,0,
bleed,group,29,victory,4,15,76,1,1,9,2,0,0,
bleed,group,30,victory,5,19,74,2,1,9,3,0,0,
bleed,group,31,victory,4,14,68,1,1,9,2,0,0,
bleed,group,32,victory,4,16,76,1,1,10,3,0,0,
bleed,group,33,victory,5,17,72,1,1,9,3,0,0,
bleed,group,34,victory,4,15,69,1,1,9,2,0,0,
bleed,group,35,victory,4,14,72,1,1,9,2,0,0,
bleed,group,36,victory,4,15,72,1,1,9,2,0,0,
bleed,group,37,victory,4,15,72,0,1,9,2,0,0,
bleed,group,38,victory,4,16,76,2,1,9,2,0,0,
bleed,group,39,victory,4,16,72,1,1,10,3,0,0,
bleed,group,40,victory,4,15,72,0,1,9,2,0,0,
bleed,group,41,victory,4,15,72,0,1,9,2,0,0,
bleed,group,42,victory,4,14,72,1,1,9,2,0,0,
bleed,group,43,victory,5,18,67,4,1,10,3,0,0,
bleed,group,44,victory,4,14,68,1,1,9,2,0,0,
bleed,group,45,victory,4,15,72,1,1,9,2,0,0,
bleed,group,46,victory,4,16,72,1,1,10,3,0,0,
bleed,group,47,victory,4,14,68,1,1,9,2,0,0,
bleed,group,48,victory,4,14,68,1,1,9,2,0,0,
bleed,group,49,victory,4,14,72,0,1,8,2,0,0,
bleed,group,50,victory,4,16,69,3,1,9,2,0,0,
bleed,group,51,victory,4,15,72,0,1,9,2,0,0,
bleed,group,52,victory,4,15,72,0,1,9,2,0,0,
bleed,group,53,victory,4,15,69,1,1,9,2,0,0,
bleed,group,54,victory,4,14,68,1,1,9,3,0,0,
bleed,group,55,victory,4,14,68,1,1,9,3,0,0,
bleed,group,56,victory,5,19,76,0,1,9,3,0,0,
bleed,group,57,victory,5,18,72,2,1,9,2,0,0,
bleed,group,58,victory,5,18,69,4,1,10,3,0,0,
bleed,group,59,victory,4,15,72,2,1,9,2,0,0,
bleed,group,60,victory,4,14,68,1,1,9,2,0,0,
bleed,group,61,victory,5,19,72,0,1,10,3,0,0,
bleed,group,62,victory,4,15,72,0,1,9,2,0,0,
bleed,group,63,victory,4,16,72,1,1,10,3,0,0,
bleed,group,64,victory,4,14,68,1,1,9,2,0,0,
bleed,group,65,victory,5,19,74,0,1,9,3,0,0,
bleed,group,66,victory,4,16,76,0,1,9,2,0,0,
bleed,group,67,victory,4,15,71,1,1,9,2,0,0,
bleed,group,68,victory,4,16,72,1,1,9,2,0,0,
bleed,group,69,victory,4,14,72,1,1,9,2,0,0,
bleed,group,70,victory,4,14,68,1,1,9,2,0,0,
bleed,group,71,victory,4,14,68,2,1,9,1,0,0,
bleed,group,72,victory,4,14,68,1,1,9,2,0,0,
bleed,group,73,victory,5,18,72,2,1,9,1,0,0,
bleed,group,74,victory,5,19,72,1,1,9,2,0,0,
bleed,group,75,victory,4,16,72,3,1,9,2,0,0,
bleed,group,76,victory,5,17,67,2,1,10,3,0,0,
bleed,group,77,victory,5,19,72,2,1,10,3,0,0,
bleed,group,78,victory,4,14,68,1,1,9,2,0,0,
bleed,group,79,victory,4,14,68,1,1,9,2,0,0,
bleed,group,80,victory,4,14,72,2,1,9,1,0,0,
bleed,group,81,victory,5,17,67,2,1,10,3,0,0,
bleed,group,82,victory,4,15,72,1,1,9,2,0,0,
bleed,group,83,victory,4,16,72,1,1,10,3,0,0,
bleed,group,84,victory,4,15,76,1,1,9,2,0,0,
bleed,group,85,victory,4,15,72,1,1,9,2,0,0,
bleed,group,86,victory,4,15,72,1,1,9,2,0,0,
bleed,group,87,victory,4,14,68,1,1,9,2,0,0,
bleed,group,88,victory,5,18,69,2,1,10,3,0,0,
bleed,group,89,victory,6,23,76,5,1,10,2,0,0,
bleed,group,90,victory,4,15,76,1,1,9,2,0,0,
bleed,group,91,victory,4,15,76,1,1,9,2,0,0,
bleed,group,92,victory,4,15,72,1,1,9,2,0,0,
bleed,group,93,victory,4,15,72,0,1,9,2,0,0,
bleed,group,94,victory,4,16,69,1,1,9,2,0,0,
bleed,group,95,victory,4,14,68,1,1,9,2,0,0,
bleed,group,96,victory,4,16,72,3,1,9,2,0,0,
bleed,group,97,victory,4,15,72,0,1,9,2,0,0,
bleed,group,98,victory,4,15,69,0,1,9,1,0,0,
bleed,group,99,victory,4,14,68,1,1,9,2,0,0,
bleed,group,100,victory,5,18,67,4,1,10,3,0,0,
bleed,resistant,1,victory,4,14,66,4,1,7,0,0,0,
bleed,resistant,2,victory,4,14,71,5,1,7,0,0,0,
bleed,resistant,3,victory,3,11,79,1,1,7,0,0,0,
bleed,resistant,4,victory,3,11,79,0,1,7,0,0,0,
bleed,resistant,5,victory,4,14,79,2,1,8,0,0,0,
bleed,resistant,6,victory,3,13,73,0,1,7,0,0,0,
bleed,resistant,7,victory,3,12,79,2,1,7,0,0,0,
bleed,resistant,8,victory,3,11,79,1,1,7,0,0,0,
bleed,resistant,9,victory,4,14,80,0,1,7,0,0,0,
bleed,resistant,10,victory,4,14,78,3,1,8,0,0,0,
bleed,resistant,11,victory,3,12,71,0,1,7,0,0,0,
bleed,resistant,12,victory,3,12,79,2,1,7,0,0,0,
bleed,resistant,13,victory,3,11,71,3,1,7,0,0,0,
bleed,resistant,14,victory,4,15,71,4,1,7,0,0,0,
bleed,resistant,15,victory,4,14,78,3,1,7,0,0,0,
bleed,resistant,16,victory,4,15,72,3,1,7,0,0,0,
bleed,resistant,17,victory,3,11,71,3,1,7,0,0,0,
bleed,resistant,18,victory,3,11,79,0,1,7,0,0,0,
bleed,resistant,19,victory,4,14,80,1,1,6,0,0,0,
bleed,resistant,20,victory,4,14,71,4,1,7,0,0,0,
bleed,resistant,21,victory,4,14,78,3,1,8,0,0,0,
bleed,resistant,22,victory,4,14,71,1,1,8,0,0,0,
bleed,resistant,23,victory,4,15,79,1,1,7,0,0,0,
bleed,resistant,24,victory,3,12,79,3,1,6,0,0,0,
bleed,resistant,25,victory,4,15,79,1,1,7,0,0,0,
bleed,resistant,26,victory,3,12,71,0,1,7,0,0,0,
bleed,resistant,27,victory,3,12,79,3,1,6,0,0,0,
bleed,resistant,28,victory,3,11,79,1,1,7,0,0,0,
bleed,resistant,29,victory,3,11,79,1,1,7,0,0,0,
bleed,resistant,30,victory,4,14,73,2,1,7,0,0,0,
bleed,resistant,31,victory,4,15,71,4,1,7,0,0,0,
bleed,resistant,32,victory,3,12,79,2,1,7,0,0,0,
bleed,resistant,33,victory,4,14,73,3,1,7,0,0,0,
bleed,resistant,34,victory,4,15,80,1,1,7,0,0,0,
bleed,resistant,35,victory,3,11,79,1,1,7,0,0,0,
bleed,resistant,36,victory,3,12,71,3,1,7,0,0,0,
bleed,resistant,37,victory,3,10,71,1,1,7,0,0,0,
bleed,resistant,38,victory,4,14,78,3,1,8,0,0,0,
bleed,resistant,39,victory,4,14,80,1,1,7,0,0,0,
bleed,resistant,40,victory,3,11,79,1,1,7,0,0,0,
bleed,resistant,41,victory,3,12,79,1,1,7,0,0,0,
bleed,resistant,42,victory,3,11,79,1,1,7,0,0,0,
bleed,resistant,43,victory,4,15,71,5,1,7,0,0,0,
bleed,resistant,44,victory,4,14,71,1,1,8,0,0,0,
bleed,resistant,45,victory,3,11,79,0,1,6,0,0,0,
bleed,resistant,46,victory,3,12,79,2,1,7,0,0,0,
bleed,resistant,47,victory,3,12,71,3,1,7,0,0,0,
bleed,resistant,48,victory,4,15,79,4,1,7,0,0,0,
bleed,resistant,49,victory,4,15,71,4,1,6,0,0,0,
bleed,resistant,50,victory,3,12,71,3,1,7,0,0,0,
bleed,resistant,51,victory,4,14,73,2,1,6,0,0,0,
bleed,resistant,52,victory,4,13,71,1,1,6,0,0,0,
bleed,resistant,53,victory,3,12,71,3,1,7,0,0,0,
bleed,resistant,54,victory,3,11,79,1,1,7,0,0,0,
bleed,resistant,55,victory,3,11,79,1,1,7,0,0,0,
bleed,resistant,56,victory,4,14,73,2,1,7,0,0,0,
bleed,resistant,57,victory,4,14,66,4,1,7,0,0,0,
bleed,resistant,58,victory,4,15,79,3,1,7,0,0,0,
bleed,resistant,59,victory,4,14,80,1,1,7,0,0,0,
bleed,resistant,60,victory,3,12,79,2,1,7,0,0,0,
bleed,resistant,61,victory,4,14,71,4,1,7,0,0,0,
bleed,resistant,62,victory,4,14,78,3,1,6,0,0,0,
bleed,resistant,63,victory,4,14,79,3,1,7,0,0,0,
bleed,resistant,64,victory,3,11,71,2,1,7,0,0,0,
bleed,resistant,65,victory,4,15,73,3,1,6,0,0,0,
bleed,resistant,66,victory,3,11,73,0,1,6,0,0,0,
bleed,resistant,67,victory,4,15,71,3,1,7,0,0,0,
bleed,resistant,68,victory,3,12,79,1,1,6,0,0,0,
bleed,resistant,69,victory,3,11,79,1,1,7,0,0,0,
bleed,resistant,70,victory,3,12,79,2,1,6,0,0,0,
bleed,resistant,71,victory,4,14,71,2,1,7,0,0,0,
bleed,resistant,72,victory,4,14,79,3,1,7,0,0,0,
bleed,resistant,73,victory,4,14,73,3,1,6,0,0,0,
bleed,resistant,74,victory,4,14,71,0,1,7,0,0,0,
bleed,resistant,75,victory,4,16,79,3,1,6,0,0,0,
bleed,resistant,76,victory,4,14,70,4,1,7,0,0,0,
bleed,resistant,77,victory,3,11,71,1,1,6,0,0,0,
bleed,resistant,78,victory,3,11,71,3,1,7,0,0,0,
bleed,resistant,79,victory,3,11,79,1,1,7,0,0,0,
bleed,resistant,80,victory,3,12,79,3,1,7,0,0,0,
bleed,resistant,81,victory,3,11,71,2,1,7,0,0,0,
bleed,resistant,82,victory,4,15,80,3,1,6,0,0,0,
bleed,resistant,83,victory,4,14,78,3,1,7,0,0,0,
bleed,resistant,84,victory,3,11,79,1,1,7,0,0,0,
bleed,resistant,85,victory,4,15,79,4,1,6,0,0,0,
bleed,resistant,86,victory,4,14,78,4,1,7,0,0,0,
bleed,resistant,87,victory,3,11,79,1,1,7,0,0,0,
bleed,resistant,88,victory,4,15,71,5,1,7,0,0,0,
bleed,resistant,89,victory,4,13,70,3,1,6,0,0,0,
bleed,resistant,90,victory,4,14,78,3,1,8,0,0,0,
bleed,resistant,91,victory,3,12,79,2,1,7,0,0,0,
bleed,resistant,92,victory,3,10,71,0,1,6,0,0,0,
bleed,resistant,93,victory,4,14,79,0,1,7,0,0,0,
bleed,resistant,94,victory,3,11,71,2,1,6,0,0,0,
bleed,resistant,95,victory,3,10,71,1,1,7,0,0,0,
bleed,resistant,96,victory,4,15,80,3,1,6,0,0,0,
bleed,resistant,97,victory,3,11,71,2,1,7,0,0,0,
bleed,resistant,98,victory,4,15,80,3,1,6,0,0,0,
bleed,resistant,99,victory,3,10,71,1,1,7,0,0,0,
bleed,resistant,100,victory,3,12,79,3,1,6,0,0,0,
bleed,boss,1,victory,6,24,60,2,1,12,4,0,0,
bleed,boss,2,victory,5,19,56,1,1,12,4,0,0,
bleed,boss,3,victory,5,20,64,1,1,12,4,0,0,
bleed,boss,4,victory,6,24,64,0,1,12,3,0,0,
bleed,boss,5,victory,5,20,72,0,1,12,4,0,0,
bleed,boss,6,victory,6,22,60,1,1,12,4,0,0,
bleed,boss,7,victory,6,21,64,0,1,12,4,0,0,
bleed,boss,8,victory,5,20,64,2,1,11,3,0,0,
bleed,boss,9,victory,6,23,66,1,1,11,3,0,0,
bleed,boss,10,victory,6,22,64,1,1,12,3,0,0,
bleed,boss,11,victory,6,22,58,0,1,12,4,0,0,
bleed,boss,12,victory,5,20,64,2,1,12,4,0,0,
bleed,boss,13,victory,5,20,64,0,1,11,3,0,0,
bleed,boss,14,victory,5,20,58,0,1,11,3,0,0,
bleed,boss,15,victory,6,23,56,1,1,13,4,0,0,
bleed,boss,16,victory,5,21,66,0,1,12,4,0,0,
bleed,boss,17,victory,6,24,56,3,1,11,3,0,0,
bleed,boss,18,victory,6,22,60,1,1,12,4,0,0,
bleed,boss,19,victory,5,21,68,2,1,12,4,0,0,
bleed,boss,20,victory,5,19,56,0,1,12,4,0,0,
bleed,boss,21,victory,5,20,72,1,1,12,4,0,0,
bleed,boss,22,victory,6,21,58,0,1,12,4,0,0,
bleed,boss,23,victory,5,19,64,1,1,12,4,0,0,
bleed,boss,24,victory,5,21,68,2,1,11,3,0,0,
bleed,boss,25,victory,5,20,64,1,1,12,4,0,0,
bleed,boss,26,victory,5,20,58,0,1,12,4,0,0,
bleed,boss,27,victory,5,21,64,1,1,12,4,0,0,
bleed,boss,28,victory,5,21,64,1,1,12,4,0,0,
bleed,boss,29,victory,5,20,64,1,1,12,4,0,0,
bleed,boss,30,victory,6,23,58,2,1,12,3,0,0,
bleed,boss,31,victory,5,20,58,1,1,12,4,0,0,
bleed,boss,32,victory,5,19,64,0,1,12,4,0,0,
bleed,boss,33,victory,6,23,60,3,1,12,4,0,0,
bleed,boss,34,victory,6,24,68,2,1,12,4,0,0,
bleed,boss,35,victory,5,20,64,2,1,12,4,0,0,
bleed,boss,36,victory,5,20,56,2,1,12,4,0,0,
bleed,boss,37,victory,5,19,56,0,1,12,4,0,0,
bleed,boss,38,victory,5,21,66,0,1,12,4,0,0,
bleed,boss,39,victory,5,20,60,0,1,11,3,0,0,
bleed,boss,40,victory,6,24,72,1,1,12,4,0,0,
bleed,boss,41,victory,5,20,64,3,1,12,4,0,0,
bleed,boss,42,victory,6,22,72,0,1,12,3,0,0,
bleed,boss,43,victory,5,20,56,0,1,11,3,0,0,
bleed,boss,44,victory,6,21,56,0,1,12,4,0,0,
bleed,boss,45,victory,6,22,64,2,1,12,4,0,0,
bleed,boss,46,victory,6,23,64,0,1,12,4,0,0,
bleed,boss,47,victory,5,20,56,3,1,11,3,0,0,
bleed,boss,48,victory,6,23,54,3,1,12,4,0,0,
bleed,boss,49,victory,6,24,58,3,1,12,3,0,0,
bleed,boss,50,victory,6,23,56,1,1,12,4,0,0,
bleed,boss,51,victory,7,25,58,3,1,12,3,0,0,
bleed,boss,52,victory,6,22,56,2,1,12,4,0,0,
bleed,boss,53,victory,5,21,56,2,1,12,4,0,0,
bleed,boss,54,victory,5,20,64,1,1,12,4,0,0,
bleed,boss,55,victory,5,19,64,0,1,12,4,0,0,
bleed,boss,56,victory,6,22,58,0,1,12,4,0,0,
bleed,boss,57,victory,6,23,60,3,1,12,4,0,0,
bleed,boss,58,victory,6,22,54,1,1,12,4,0,0,
bleed,boss,59,victory,7,27,68,4,1,13,4,0,0,
bleed,boss,60,victory,6,21,64,0,1,12,4,0,0,
bleed,boss,61,victory,6,23,64,0,1,12,4,0,0,
bleed,boss,62,victory,5,19,56,0,1,12,4,0,0,
bleed,boss,63,victory,5,22,72,0,1,12,4,0,0,
bleed,boss,64,victory,5,20,64,0,1,12,4,0,0,
bleed,boss,65,victory,6,24,70,3,1,11,3,0,0,
bleed,boss,66,victory,6,22,58,1,1,11,3,0,0,
bleed,boss,67,victory,6,23,58,3,1,12,4,0,0,
bleed,boss,68,victory,5,20,64,1,1,11,3,0,0,
bleed,boss,69,victory,5,19,64,1,1,12,4,0,0,
bleed,boss,70,victory,5,20,56,3,1,12,4,0,0,
bleed,boss,71,victory,6,22,64,1,1,12,4,0,0,
bleed,boss,72,victory,5,21,64,0,1,12,4,0,0,
bleed,boss,73,victory,7,26,68,1,1,12,3,0,0,
bleed,boss,74,victory,5,19,64,0,1,12,4,0,0,
bleed,boss,75,victory,6,24,64,2,1,12,4,0,0,
bleed,boss,76,victory,6,23,58,1,1,12,4,0,0,
bleed,boss,77,victory,5,21,56,1,1,11,3,0,0,
bleed,boss,78,victory,5,20,64,1,1,12,4,0,0,
bleed,boss,79,victory,6,23,64,4,1,12,4,0,0,
bleed,boss,80,victory,5,20,72,0,1,12,4,0,0,
bleed,boss,81,victory,5,20,56,0,1,12,4,0,0,
bleed,boss,82,victory,5,21,68,0,1,12,4,0,0,
bleed,boss,83,victory,5,20,64,1,1,12,4,0,0,
bleed,boss,84,victory,6,21,60,1,1,11,3,0,0,
bleed,boss,85,victory,5,20,56,1,1,12,4,0,0,
bleed,boss,86,victory,5,20,72,0,1,12,4,0,0,
bleed,boss,87,victory,6,21,64,0,1,12,4,0,0,
bleed,boss,88,victory,5,21,56,2,1,12,4,0,0,
bleed,boss,89,victory,5,20,64,1,1,12,4,0,0,
bleed,boss,90,victory,5,21,64,0,1,12,3,0,0,
bleed,boss,91,victory,5,20,64,0,1,12,4,0,0,
bleed,boss,92,victory,5,18,56,1,1,12,4,0,0,
bleed,boss,93,victory,5,20,58,0,1,12,4,0,0,
bleed,boss,94,victory,6,23,64,4,1,12,4,0,0,
bleed,boss,95,victory,5,20,64,0,1,12,4,0,0,
bleed,boss,96,victory,6,23,60,3,1,12,4,0,0,
bleed,boss,97,victory,5,18,56,0,1,12,4,0,0,
bleed,boss,98,victory,6,24,58,3,1,12,4,0,0,
bleed,boss,99,victory,6,21,56,1,1,12,3,0,0,
bleed,boss,100,victory,5,21,68,0,1,11,3,0,0,
bleed,gauntlet,1,victory,6,23,44,0,1,12,4,0,0,3
bleed,gauntlet,2,victory,6,24,56,0,1,12,4,0,0,3
bleed,gauntlet,3,victory,6,24,56,0,1,13,4,0,0,3
bleed,gauntlet,4,victory,6,24,60,1,1,12,4,0,0,3
bleed,gauntlet,5,victory,7,27,52,1,1,12,4,0,0,3
bleed,gauntlet,6,victory,6,23,34,0,1,13,4,0,0,3
bleed,gauntlet,7,victory,6,23,52,0,1,12,4,0,0,3
bleed,gauntlet,8,victory,5,20,52,2,1,12,4,0,0,3
bleed,gauntlet,9,victory,6,23,38,0,1,12,4,0,0,3
bleed,gauntlet,10,victory,7,25,56,2,1,13,4,0,0,3
bleed,gauntlet,11,victory,6,21,28,0,1,12,4,0,0,3
bleed,gauntlet,12,victory,7,27,60,3,1,12,3,0,0,3
bleed,gauntlet,13,victory,6,24,40,2,1,12,4,0,0,3
bleed,gauntlet,14,victory,7,24,42,1,1,13,4,0,0,3
bleed,gauntlet,15,victory,6,22,32,3,1,11,3,0,0,3
bleed,gauntlet,16,victory,7,25,48,1,1,12,3,0,0,3
bleed,gauntlet,17,victory,6,23,36,3,1,12,4,0,0,3
bleed,gauntlet,18,victory,6,25,52,0,1,11,3,0,0,3
bleed,gauntlet,19,victory,6,25,50,0,1,13,4,0,0,3
bleed,gauntlet,20,victory,6,25,44,0,1,13,4,0,0,3
bleed,gauntlet,21,victory,7,25,60,0,1,13,4,0,0,3
bleed,gauntlet,22,victory,6,26,48,0,1,13,4,0,0,3
bleed,gauntlet,23,victory,6,23,54,0,1,12,4,0,0,3
bleed,gauntlet,24,victory,6,24,54,0,1,12,4,0,0,3
bleed,gauntlet,25,victory,6,24,40,1,1,12,3,0,0,3
bleed,gauntlet,26,victory,7,26,34,1,1,13,4,0,0,3
bleed,gauntlet,27,victory,6,21,36,0,1,12,4,0,0,3
bleed,gauntlet,28,victory,6,23,64,0,1,12,4,0,0,3
bleed,gauntlet,29,victory,5,21,68,2,1,12,4,0,0,3
bleed,gauntlet,30,victory,7,26,52,1,1,12,3,0,0,3
bleed,gauntlet,31,victory,7,26,48,1,1,12,3,0,0,3
bleed,gauntlet,32,victory,7,26,46,3,1,13,4,0,0,3
bleed,gauntlet,33,victory,7,27,60,0,1,13,4,0,0,3
bleed,gauntlet,34,victory,6,23,52,1,1,12,4,0,0,3
bleed,gauntlet,35,victory,7,26,64,1,1,13,4,0,0,3
bleed,gauntlet,36,victory,5,20,36,1,1,12,4,0,0,3
bleed,gauntlet,37,victory,7,23,32,1,1,13,4,0,0,3
bleed,gauntlet,38,victory,6,23,44,0,1,12,4,0,0,3
bleed,gauntlet,39,victory,7,26,40,0,1,13,4,0,0,3
bleed,gauntlet,40,victory,8,29,54,1,1,14,4,0,0,3
bleed,gauntlet,41,victory,6,22,46,2,1,12,4,0,0,3
bleed,gauntlet,42,victory,6,22,56,2,1,12,3,0,0,3
bleed,gauntlet,43,victory,6,23,36,1,1,12,4,0,0,3
bleed,gauntlet,44,victory,7,27,52,3,1,13,4,0,0,3
bleed,gauntlet,45,victory,6,23,50,0,1,12,4,0,0,3
bleed,gauntlet,46,victory,6,22,40,2,1,12,3,0,0,3
bleed,gauntlet,47,victory,5,20,36,1,1,11,3,0,0,3
bleed,gauntlet,48,victory,6,23,42,2,1,12,4,0,0,3
bleed,gauntlet,49,victory,6,24,28,1,1,12,3,0,0,3
bleed,gauntlet,50,victory,6,23,36,1,1,12,4,0,0,3
bleed,gauntlet,51,victory,7,24,30,2,1,13,4,0,0,3
bleed,gauntlet,52,victory,8,27,26,1,1,13,4,0,0,3
bleed,gauntlet,53,victory,5,21,28,2,1,12,4,0,0,3
bleed,gauntlet,54,victory,6,24,64,0,1,12,4,0,0,3
bleed,gauntlet,55,victory,7,27,66,0,1,12,3,0,0,3
bleed,gauntlet,56,victory,6,21,32,0,1,12,4,0,0,3
bleed,gauntlet,57,victory,6,23,42,0,1,12,4,0,0,3
bleed,gauntlet,58,victory,7,26,32,3,1,13,4,0,0,3
bleed,gauntlet,59,victory,6,22,52,0,1,12,4,0,0,3
bleed,gauntlet,60,victory,7,28,68,2,1,13,4,0,0,3
bleed,gauntlet,61,victory,7,25,36,4,1,12,3,0,0,3
bleed,gauntlet,62,victory,7,26,44,2,1,13,4,0,0,3
bleed,gauntlet,63,victory,7,26,54,2,1,13,4,0,0,3
bleed,gauntlet,64,victory,6,23,52,0,1,13,4,0,0,3
bleed,gauntlet,65,victory,6,25,50,2,1,12,4,0,0,3
bleed,gauntlet,66,victory,7,26,40,1,1,12,3,0,0,3
bleed,gauntlet,67,victory,6,22,34,0,1,12,4,0,0,3
bleed,gauntlet,68,victory,7,25,46,0,1,12,4,0,0,3
bleed,gauntlet,69,victory,5,19,52,1,1,12,4,0,0,3
bleed,gauntlet,70,victory,5,20,28,1,1,12,4,0,0,3
bleed,gauntlet,71,victory,7,24,32,1,1,13,4,0,0,3
bleed,gauntlet,72,victory,7,25,52,0,1,13,4,0,0,3
bleed,gauntlet,73,victory,7,27,62,3,1,12,3,0,0,3
bleed,gauntlet,74,victory,6,22,26,2,1,12,4,0,0,3
bleed,gauntlet,75,victory,6,23,40,3,1,12,4,0,0,3
bleed,gauntlet,76,victory,5,20,38,1,1,12,4,0,0,3
bleed,gauntlet,77,victory,5,21,44,1,1,11,3,0,0,3
bleed,gauntlet,78,victory,5,20,36,0,1,12,4,0,0,3
bleed,gauntlet,79,victory,7,25,64,1,1,12,3,0,0,3
bleed,gauntlet,80,victory,6,23,62,4,1,12,4,0,0,3
bleed,gauntlet,81,victory,6,21,16,3,1,12,4,0,0,3
bleed,gauntlet,82,victory,6,24,44,0,1,13,4,0,0,3
bleed,gauntlet,83,victory,6,25,60,2,1,12,4,0,0,3
bleed,gauntlet,84,victory,6,24,62,2,1,12,4,0,0,3
bleed,gauntlet,85,victory,5,20,44,1,1,12,4,0,0,3
bleed,gauntlet,86,victory,7,27,54,0,1,12,3,0,0,3
bleed,gauntlet,87,victory,6,25,60,0,1,12,4,0,0,3
bleed,gauntlet,88,victory,5,21,36,2,1,12,4,0,0,3
bleed,gauntlet,89,victory,5,20,52,0,1,12,4,0,0,3
bleed,gauntlet,90,victory,6,24,58,0,1,13,4,0,0,3
bleed,gauntlet,91,victory,6,23,60,4,1,12,4,0,0,3
bleed,gauntlet,92,victory,7,24,24,1,1,12,3,0,0,3
bleed,gauntlet,93,victory,6,22,36,2,1,12,4,0,0,3
bleed,gauntlet,94,victory,7,26,44,1,1,12,3,0,0,3
bleed,gauntlet,95,victory,6,23,44,1,1,12,3,0,0,3
bleed,gauntlet,96,victory,6,24,62,0,1,12,4,0,0,3
bleed,gauntlet,97,victory,7,26,34,3,1,13,4,0,0,3
bleed,gauntlet,98,victory,6,24,42,1,1,12,3,0,0,3
bleed,gauntlet,99,victory,7,24,32,0,1,13,4,0,0,3
bleed,gauntlet,100,victory,6,23,46,1,1,12,3,0,0,3
caster,basic,1,victory,2,6,80,2,0,2,0,0,3,
caster,basic,2,victory,2,5,80,3,0,2,0,0,3,
caster,basic,3,victory,2,5,80,3,0,2,0,0,3,
caster,basic,4,victory,2,6,80,3,0,3,0,0,3,
caster,basic,5,victory,2,4,72,3,0,2,0,0,3,
caster,basic,6,victory,2,5,80,3,0,2,0,0,3,
caster,basic,7,victory,3,9,80,3,1,4,0,0,2,
caster,basic,8,victory,2,6,80,3,0,3,0,0,3,
caster,basic,9,victory,2,5,80,3,0,2,0,0,3,
caster,basic,10,victory,2,5,80,3,0,2,0,0,3,
caster,basic,11,victory,2,4,72,3,0,2,0,0,3,
caster,basic,12,victory,2,4,72,3,0,2,0,0,3,
caster,basic,13,victory,2,4,72,3,0,2,0,0,3,
caster,basic,14,victory,2,4,72,3,0,2,0,0,3,
caster,basic,15,victory,2,4,72,3,0,2,0,0,3,
caster,basic,16,victory,2,5,72,3,0,3,0,0,3,
caster,basic,17,victory,2,5,80,3,0,2,0,0,3,
caster,basic,18,victory,2,6,80,3,0,3,0,0,3,
caster,basic,19,victory,2,6,80,3,0,3,0,0,3,
caster,basic,20,victory,3,8,72,3,1,4,0,0,2,
caster,basic,21,victory,2,5,80,3,0,2,0,0,3,
caster,basic,22,victory,2,4,72,3,0,2,0,0,3,
caster,basic,23,victory,2,5,80,3,0,2,0,0,3,
caster,basic,24,victory,2,5,72,3,0,3,0,0,3,
caster,basic,25,victory,2,4,72,3,0,2,0,0,3,
caster,basic,26,victory,2,4,72,3,0,2,0,0,3,
caster,basic,27,victory,2,5,72,3,0,3,0,0,3,
caster,basic,28,victory,2,5,80,3,0,2,0,0,3,
caster,basic,29,victory,2,6,80,3,0,3,0,0,3,
caster,basic,30,victory,2,5,80,3,0,2,0,0,3,
caster,basic,31,victory,2,4,72,3,0,2,0,0,3,
caster,basic,32,victory,2,5,80,3,0,2,0,0,3,
caster,basic,33,victory,2,6,80,2,0,2,0,0,3,
caster,basic,34,victory,2,7,80,1,0,3,0,0,3,
caster,basic,35,victory,2,5,80,3,0,2,0,0,3,
caster,basic,36,victory,2,5,80,3,0,2,0,0,3,
caster,basic,37,victory,2,4,72,3,0,2,0,0,3,
caster,basic,38,victory,2,6,80,3,0,3,0,0,3,
caster,basic,39,victory,2,5,80,3,0,2,0,0,3,
caster,basic,40,victory,2,4,72,3,0,2,0,0,3,
caster,basic,41,victory,2,6,80,3,0,3,0,0,3,
caster,basic,42,victory,2,5,80,3,0,2,0,0,3,
caster,basic,43,victory,2,6,80,1,0,2,0,0,3,
caster,basic,44,victory,2,4,72,3,0,2,0,0,3,
caster,basic,45,victory,2,5,80,3,0,2,0,0,3,
caster,basic,46,victory,2,4,72,3,0,2,0,0,3,
caster,basic,47,victory,2,5,80,3,0,2,0,0,3,
caster,basic,48,victory,2,5,80,3,0,2,0,0,3,
caster,basic,49,victory,2,5,72,3,0,3,0,0,3,
caster,basic,50,victory,2,6,80,1,0,2,0,0,3,
caster,basic,51,victory,2,6,80,2,0,2,0,0,3,
caster,basic,52,victory,2,4,72,3,0,2,0,0,3,
caster,basic,53,victory,2,6,80,1,0,2,0,0,3,
caster,basic,54,victory,3,9,80,3,1,4,0,0,2,
caster,basic,55,victory,3,9,80,3,1,4,0,0,2,
caster,basic,56,victory,2,6,80,2,0,2,0,0,3,
caster,basic,57,victory,2,6,80,2,0,2,0,0,3,
caster,basic,58,victory,2,5,72,3,0,3,0,0,3,
caster,basic,59,victory,2,6,80,3,0,3,0,0,3,
caster,basic,60,victory,2,5,80,3,0,2,0,0,3,
caster,basic,61,victory,2,5,80,3,0,2,0,0,3,
caster,basic,62,victory,2,6,80,3,0,3,0,0,3,
caster,basic,63,victory,2,4,72,3,0,2,0,0,3,
caster,basic,64,victory,2,5,80,3,0,2,0,0,3,
caster,basic,65,victory,2,6,80,2,0,2,0,0,3,
caster,basic,66,victory,2,6,80,2,0,2,0,0,3,
caster,basic,67,victory,2,4,72,3,0,2,0,0,3,
caster,basic,68,victory,2,6,80,3,0,3,0,0,3,
caster,basic,69,victory,2,5,80,3,0,2,0,0,3,
caster,basic,70,victory,2,5,72,3,0,3,0,0,3,
caster,basic,71,victory,2,4,72,3,0,2,0,0,3,
caster,basic,72,victory,2,4,72,3,0,2,0,0,3,
caster,basic,73,victory,2,6,80,2,0,2,0,0,3,
caster,basic,74,victory,2,4,72,3,0,2,0,0,3,
caster,basic,75,victory,2,5,72,3,0,3,0,0,3,
caster,basic,76,victory,2,5,80,3,0,2,0,0,3,
caster,basic,77,victory,2,6,80,3,0,2,0,0,3,
caster,basic,78,victory,2,4,72,3,0,2,0,0,3,
caster,basic,79,victory,2,5,80,3,0,2,0,0,3,
caster,basic,80,victory,2,5,80,3,0,2,0,0,3,
caster,basic,81,victory,2,6,80,1,0,2,0,0,3,
caster,basic,82,victory,2,5,80,3,0,2,0,0,3,
caster,basic,83,victory,2,5,80,3,0,2,0,0,3,
caster,basic,84,victory,2,6,80,3,0,3,0,0,3,
caster,basic,85,victory,2,6,80,3,0,3,0,0,3,
caster,basic,86,victory,2,4,72,3,0,2,0,0,3,
caster,basic,87,victory,2,4,72,3,0,2,0,0,3,
caster,basic,88,victory,2,6,80,1,0,2,0,0,3,
caster,basic,89,victory,2,6,80,3,0,2,0,0,3,
caster,basic,90,victory,2,5,80,3,0,2,0,0,3,
caster,basic,91,victory,2,5,80,3,0,2,0,0,3,
caster,basic,92,victory,2,5,72,3,0,3,0,0,3,
caster,basic,93,victory,2,5,72,3,0,3,0,0,3,
caster,basic,94,victory,2,5,80,3,0,2,0,0,3,
caster,basic,95,victory,2,5,80,3,0,2,0,0,3,
caster,basic,96,victory,2,6,80,3,0,3,0,0,3,
caster,basic,97,victory,2,5,80,3,0,2,0,0,3,
caster,basic,98,victory,2,7,80,1,0,3,0,0,3,
caster,basic,99,victory,2,6,80,3,0,3,0,0,3,
caster,basic,100,victory,2,5,80,3,0,2,0,0,3,
caster,armored,1,victory,4,13,72,3,0,5,0,0,3,
caster,armored,2,victory,3,9,70,3,0,5,0,0,3,
caster,armored,3,victory,3,10,78,3,0,5,0,0,3,
caster,armored,4,victory,3,10,78,3,0,5,0,0,3,
caster,armored,5,victory,3,9,70,3,0,5,0,0,3,
caster,armored,6,victory,4,13,72,3,0,5,0,0,3,
caster,armored,7,victory,3,9,70,3,0,5,0,0,3,
caster,armored,8,victory,3,9,70,3,0,5,0,0,3,
caster,armored,9,victory,3,9,70,3,0,5,0,0,3,
caster,armored,10,victory,3,10,78,3,0,5,0,0,3,
caster,armored,11,victory,3,10,70,1,0,5,0,0,3,
caster,armored,12,victory,3,9,70,3,0,5,0,0,3,
caster,armored,13,victory,4,12,70,2,0,5,0,0,3,
caster,armored,14,victory,4,13,70,3,0,5,0,0,3,
caster,armored,15,victory,3,10,70,3,0,5,0,0,3,
caster,armored,16,victory,3,9,70,3,0,5,0,0,3,
caster,armored,17,victory,3,9,70,3,0,5,0,0,3,
caster,armored,18,victory,4,13,78,1,0,5,0,0,3,
caster,armored,19,victory,4,13,72,3,0,5,0,0,3,
caster,armored,20,victory,3,9,70,3,0,5,0,0,3,
caster,armored,21,victory,4,13,78,2,0,5,0,0,3,
caster,armored,22,victory,3,10,70,1,0,5,0,0,3,
caster,armored,23,victory,3,10,78,3,0,5,0,0,3,
caster,armored,24,victory,3,9,70,3,0,5,0,0,3,
caster,armored,25,victory,3,9,70,3,0,5,0,0,3,
caster,armored,26,victory,3,10,70,1,0,5,0,0,3,
caster,armored,27,victory,3,9,70,3,0,5,0,0,3,
caster,armored,28,victory,4,13,71,3,0,5,0,0,3,
caster,armored,29,victory,3,9,70,3,0,5,0,0,3,
caster,armored,30,victory,4,13,72,3,0,5,0,0,3,
caster,armored,31,victory,3,10,70,1,0,5,0,0,3,
caster,armored,32,victory,3,10,78,3,0,5,0,0,3,
caster,armored,33,victory,4,13,72,3,0,5,0,0,3,
caster,armored,34,victory,3,10,72,2,0,5,0,0,3,
caster,armored,35,victory,4,12,78,3,0,5,0,0,3,
caster,armored,36,victory,4,13,70,3,0,5,0,0,3,
caster,armored,37,victory,4,12,70,2,0,5,0,0,3,
caster,armored,38,victory,4,13,70,3,0,5,0,0,3,
caster,armored,39,victory,3,9,70,3,0,5,0,0,3,
caster,armored,40,victory,3,9,70,3,0,5,0,0,3,
caster,armored,41,victory,3,10,78,3,0,5,0,0,3,
caster,armored,42,victory,4,12,78,3,0,5,0,0,3,
caster,armored,43,victory,4,13,72,3,0,5,0,0,3,
caster,armored,44,victory,4,12,70,2,0,5,0,0,3,
caster,armored,45,victory,4,13,78,3,0,5,0,0,3,
caster,armored,46,victory,3,9,70,3,0,5,0,0,3,
caster,armored,47,victory,3,10,70,3,0,5,0,0,3,
caster,armored,48,victory,3,9,70,3,0,5,0,0,3,
caster,armored,49,victory,4,12,70,2,0,5,0,0,3,
caster,armored,50,victory,4,13,72,3,0,5,0,0,3,
caster,armored,51,victory,4,13,72,3,0,5,0,0,3,
caster,armored,52,victory,4,13,70,3,0,5,0,0,3,
caster,armored,53,victory,4,12,72,3,0,5,0,0,3,
caster,armored,54,victory,3,9,70,3,0,5,0,0,3,
caster,armored,55,victory,3,9,70,3,0,5,0,0,3,
caster,armored,56,victory,4,13,72,3,0,5,0,0,3,
caster,armored,57,victory,4,13,72,3,0,5,0,0,3,
caster,armored,58,victory,3,9,70,3,0,5,0,0,3,
caster,armored,59,victory,3,10,72,2,0,5,0,0,3,
caster,armored,60,victory,3,10,78,3,0,5,0,0,3,
caster,armored,61,victory,3,10,70,3,0,5,0,0,3,
caster,armored,62,victory,3,10,70,3,0,5,0,0,3,
caster,armored,63,victory,3,9,70,3,0,5,0,0,3,
caster,armored,64,victory,3,10,70,3,0,5,0,0,3,
caster,armored,65,victory,4,13,72,3,0,5,0,0,3,
caster,armored,66,victory,4,12,64,3,0,5,0,0,3,
caster,armored,67,victory,4,13,70,2,0,5,0,0,3,
caster,armored,68,victory,4,14,78,3,0,5,0,0,3,
caster,armored,69,victory,4,13,78,1,0,5,0,0,3,
caster,armored,70,victory,3,9,70,3,0,5,0,0,3,
caster,armored,71,victory,4,13,70,2,0,5,0,0,3,
caster,armored,72,victory,3,9,70,3,0,5,0,0,3,
caster,armored,73,victory,4,13,72,3,0,5,0,0,3,
caster,armored,74,victory,3,9,70,3,0,5,0,0,3,
caster,armored,75,victory,3,9,70,3,0,5,0,0,3,
caster,armored,76,victory,3,9,70,3,0,5,0,0,3,
caster,armored,77,victory,4,13,70,2,0,5,0,0,3,
caster,armored,78,victory,3,10,70,3,0,5,0,0,3,
caster,armored,79,victory,4,14,78,3,0,5,0,0,3,
caster,armored,80,victory,3,10,78,3,0,5,0,0,3,
caster,armored,81,victory,3,10,72,2,0,5,0,0,3,
caster,armored,82,victory,3,9,70,3,0,5,0,0,3,
caster,armored,83,victory,3,9,70,3,0,5,0,0,3,
caster,armored,84,victory,4,12,70,3,0,5,0,0,3,
caster,armored,85,victory,4,13,70,3,0,5,0,0,3,
caster,armored,86,victory,3,9,70,3,0,5,0,0,3,
caster,armored,87,victory,3,9,70,3,0,5,0,0,3,
caster,armored,88,victory,3,10,72,2,0,5,0,0,3,
caster,armored,89,victory,4,13,70,2,0,5,0,0,3,
caster,armored,90,victory,3,10,78,3,0,5,0,0,3,
caster,armored,91,victory,3,10,78,3,0,5,0,0,3,
caster,armored,92,victory,3,9,70,3,0,5,0,0,3,
caster,armored,93,victory,3,9,70,3,0,5,0,0,3,
caster,armored,94,victory,4,12,70,1,0,5,0,0,3,
caster,armored,95,victory,3,9,70,3,0,5,0,0,3,
caster,armored,96,victory,4,13,72,3,0,5,0,0,3,
caster,armored,97,victory,3,9,70,3,0,5,0,0,3,
caster,armored,98,victory,3,10,72,2,0,5,0,0,3,
caster,armored,99,victory,4,12,70,3,0,5,0,0,3,
caster,armored,100,victory,3,9,70,3,0,5,0,0,3,
caster,group,1,victory,2,6,80,1,1,1,0,0,2,
caster,group,2,victory,1,1,80,3,1,0,0,0,2,
caster,group,3,victory,1,1,80,3,1,0,0,0,2,
caster,group,4,victory,2,5,76,3,1,2,0,0,2,
caster,group,5,victory,1,1,80,3,1,0,0,0,2,
caster,group,6,victory,2,6,80,3,0,1,0,0,3,
caster,group,7,victory,2,6,72,3,1,3,0,0,2,
caster,group,8,victory,2,6,76,3,0,2,0,0,3,
caster,group,9,victory,1,1,80,3,1,0,0,0,2,
caster,group,10,victory,1,1,80,3,1,0,0,0,2,
caster,group,11,victory,1,1,80,3,1,0,0,0,2,
caster,group,12,victory,1,1,80,3,1,0,0,0,2,
caster,group,13,victory,1,1,80,3,1,0,0,0,2,
caster,group,14,victory,1,1,80,3,1,0,0,0,2,
caster,group,15,victory,1,1,80,3,1,0,0,0,2,
caster,group,16,victory,2,5,72,3,0,2,0,0,3,
caster,group,17,victory,1,1,80,3,1,0,0,0,2,
caster,group,18,victory,2,5,76,3,1,2,0,0,2,
caster,group,19,victory,2,6,80,3,1,2,0,0,2,
caster,group,20,victory,2,5,68,3,1,3,0,0,2,
caster,group,21,victory,2,5,80,3,0,1,0,0,3,
caster,group,22,victory,1,1,80,3,1,0,0,0,2,
caster,group,23,victory,1,1,80,3,1,0,0,0,2,
caster,group,24,victory,2,5,72,3,0,2,0,0,3,
caster,group,25,victory,1,1,80,3,1,0,0,0,2,
caster,group,26,victory,1,1,80,3,1,0,0,0,2,
caster,group,27,victory,2,5,72,3,0,2,0,0,3,
caster,group,28,victory,1,1,80,3,1,0,0,0,2,
caster,group,29,victory,2,6,76,3,0,2,0,0,3,
caster,group,30,victory,1,1,80,3,1,0,0,0,2,
caster,group,31,victory,1,1,80,3,1,0,0,0,2,
caster,group,32,victory,1,1,80,3,1,0,0,0,2,
caster,group,33,victory,2,6,80,1,1,1,0,0,2,
caster,group,34,victory,2,6,75,1,1,2,0,0,2,
caster,group,35,victory,1,1,80,3,1,0,0,0,2,
caster,group,36,victory,2,6,80,3,0,1,0,0,3,
caster,group,37,victory,1,1,80,3,1,0,0,0,2,
caster,group,38,victory,2,6,76,3,0,2,0,0,3,
caster,group,39,victory,1,1,80,3,1,0,0,0,2,
caster,group,40,victory,1,1,80,3,1,0,0,0,2,
caster,group,41,victory,2,5,76,3,1,2,0,0,2,
caster,group,42,victory,1,1,80,3,1,0,0,0,2,
caster,group,43,victory,2,6,79,1,0,1,0,0,3,
caster,group,44,victory,1,1,80,3,1,0,0,0,2,
caster,group,45,victory,2,5,80,3,0,1,0,0,3,
caster,group,46,victory,1,1,80,3,1,0,0,0,2,
caster,group,47,victory,2,6,80,3,0,1,0,0,3,
caster,group,48,victory,1,1,80,3,1,0,0,0,2,
caster,group,49,victory,2,5,72,3,0,2,0,0,3,
caster,group,50,victory,2,6,79,1,0,1,0,0,3,
caster,group,51,victory,2,5,80,3,1,1,0,0,2,
caster,group,52,victory,1,1,80,3,1,0,0,0,2,
caster,group,53,victory,2,6,79,1,0,1,0,0,3,
caster,group,54,victory,2,6,72,3,1,3,0,0,2,
caster,group,55,victory,2,6,72,3,1,3,0,0,2,
caster,group,56,victory,2,5,80,3,0,1,0,0,3,
caster,group,57,victory,2,6,80,1,1,1,0,0,2,
caster,group,58,victory,2,5,72,3,0,2,0,0,3,
caster,group,59,victory,2,6,80,3,1,2,0,0,2,
caster,group,60,victory,2,5,80,3,0,1,0,0,3,
caster,group,61,victory,1,1,80,3,1,0,0,0,2,
caster,group,62,victory,2,6,80,3,1,2,0,0,2,
caster,group,63,victory,1,1,80,3,1,0,0,0,2,
caster,group,64,victory,2,6,80,3,0,1,0,0,3,
caster,group,65,victory,2,6,80,1,1,1,0,0,2,
caster,group,66,victory,2,5,80,3,1,1,0,0,2,
caster,group,67,victory,1,1,80,3,1,0,0,0,2,
caster,group,68,victory,2,5,76,3,1,2,0,0,2,
caster,group,69,victory,1,1,80,3,1,0,0,0,2,
caster,group,70,victory,2,5,72,3,0,2,0,0,3,
caster,group,71,victory,1,1,80,3,1,0,0,0,2,
caster,group,72,victory,1,1,80,3,1,0,0,0,2,
caster,group,73,victory,2,5,80,3,1,1,0,0,2,
caster,group,74,victory,1,1,80,3,1,0,0,0,2,
caster,group,75,victory,2,5,72,3,0,2,0,0,3,
caster,group,76,victory,1,1,80,3,1,0,0,0,2,
caster,group,77,victory,2,5,80,3,1,1,0,0,2,
caster,group,78,victory,1,1,80,3,1,0,0,0,2,
caster,group,79,victory,2,5,80,3,0,1,0,0,3,
caster,group,80,victory,1,1,80,3,1,0,0,0,2,
caster,group,81,victory,2,6,79,1,0,1,0,0,3,
caster,group,82,victory,1,1,80,3,1,0,0,0,2,
caster,group,83,victory,1,1,80,3,1,0,0,0,2,
caster,group,84,victory,2,6,76,3,0,2,0,0,3,
caster,group,85,victory,2,6,80,3,1,2,0,0,2,
caster,group,86,victory,1,1,80,3,1,0,0,0,2,
caster,group,87,victory,1,1,80,3,1,0,0,0,2,
caster,group,88,victory,2,6,79,1,0,1,0,0,3,
caster,group,89,victory,2,5,80,3,1,1,0,0,2,
caster,group,90,victory,1,1,80,3,1,0,0,0,2,
caster,group,91,victory,1,1,80,3,1,0,0,0,2,
caster,group,92,victory,2,5,72,3,0,2,0,0,3,
caster,group,93,victory,2,5,72,3,0,2,0,0,3,
caster,group,94,victory,1,1,80,3,1,0,0,0,2,
caster,group,95,victory,1,1,80,3,1,0,0,0,2,
caster,group,96,victory,2,6,80,3,1,2,0,0,2,
caster,group,97,victory,1,1,80,3,1,0,0,0,2,
caster,group,98,victory,2,6,75,1,1,2,0,0,2,
caster,group,99,victory,2,6,80,3,1,2,0,0,2,
caster,group,100,victory,1,1,80,3,1,0,0,0,2,
caster,resistant,1,victory,3,9,73,3,0,3,0,0,3,
caster,resistant,2,victory,2,6,80,3,0,3,0,0,3,
caster,resistant,3,victory,2,6,80,3,0,3,0,0,3,
caster,resistant,4,victory,2,6,79,3,0,3,0,0,3,
caster,resistant,5,victory,2,5,71,3,0,3,0,0,3,
caster,resistant,6,victory,2,7,80,1,0,3,0,0,3,
caster,resistant,7,victory,2,7,80,3,0,4,0,0,3,
caster,resistant,8,victory,2,6,80,3,0,3,0,0,3,
caster,resistant,9,victory,2,6,80,3,0,3,0,0,3,
caster,resistant,10,victory,2,6,80,3,0,3,0,0,3,
caster,resistant,11,victory,2,5,71,3,0,3,0,0,3,
caster,resistant,12,victory,2,5,71,3,0,3,0,0,3,
caster,resistant,13,victory,2,5,71,3,0,3,0,0,3,
caster,resistant,14,victory,2,5,71,3,0,3,0,0,3,
caster,resistant,15,victory,2,5,71,3,0,3,0,0,3,
caster,resistant,16,victory,2,5,71,3,0,3,0,0,3,
caster,resistant,17,victory,2,6,80,3,0,3,0,0,3,
caster,resistant,18,victory,2,6,79,3,0,3,0,0,3,
caster,resistant,19,victory,2,7,80,1,0,3,0,0,3,
caster,resistant,20,victory,2,6,71,3,0,4,0,0,3,
caster,resistant,21,victory,2,6,79,3,0,3,0,0,3,
caster,resistant,22,victory,2,5,71,3,0,3,0,0,3,
caster,resistant,23,victory,2,6,80,3,0,3,0,0,3,
caster,resistant,24,victory,2,5,71,3,0,3,0,0,3,
caster,resistant,25,victory,2,5,71,3,0,3,0,0,3,
caster,resistant,26,victory,2,5,71,3,0,3,0,0,3,
caster,resistant,27,victory,2,5,71,3,0,3,0,0,3,
caster,resistant,28,victory,2,6,80,3,0,3,0,0,3,
caster,resistant,29,victory,2,6,80,3,0,3,0,0,3,
caster,resistant,30,victory,2,7,80,1,0,3,0,0,3,
caster,resistant,31,victory,2,5,71,3,0,3,0,0,3,
caster,resistant,32,victory,2,6,80,3,0,3,0,0,3,
caster,resistant,33,victory,3,9,73,3,0,3,0,0,3,
caster,resistant,34,victory,2,7,80,1,0,3,0,0,3,
caster,resistant,35,victory,2,6,80,3,0,3,0,0,3,
caster,resistant,36,victory,2,7,80,3,0,3,0,0,3,
caster,resistant,37,victory,2,5,71,3,0,3,0,0,3,
caster,resistant,38,victory,2,6,80,3,0,3,0,0,3,
caster,resistant,39,victory,2,6,80,3,0,3,0,0,3,
caster,resistant,40,victory,2,5,71,3,0,3,0,0,3,
caster,resistant,41,victory,2,6,79,3,0,3,0,0,3,
caster,resistant,42,victory,2,6,80,3,0,3,0,0,3,
caster,resistant,43,victory,2,7,80,1,0,3,0,0,3,
caster,resistant,44,victory,2,5,71,3,0,3,0,0,3,
caster,resistant,45,victory,2,6,79,3,0,3,0,0,3,
caster,resistant,46,victory,2,5,71,3,0,3,0,0,3,
caster,resistant,47,victory,2,7,80,3,0,3,0,0,3,
caster,resistant,48,victory,2,6,80,3,0,3,0,0,3,
caster,resistant,49,victory,2,5,71,3,0,3,0,0,3,
caster,resistant,50,victory,2,7,80,1,0,3,0,0,3,
caster,resistant,51,victory,3,8,73,2,0,3,0,0,3,
caster,resistant,52,victory,4,11,71,3,0,3,0,0,3,
caster,resistant,53,victory,2,7,80,1,0,3,0,0,3,
caster,resistant,54,victory,2,7,80,3,0,4,0,0,3,
caster,resistant,55,victory,2,7,80,3,0,4,0,0,3,
caster,resistant,56,victory,3,8,73,2,0,3,0,0,3,
caster,resistant,57,victory,3,9,73,3,0,3,0,0,3,
caster,resistant,58,victory,2,5,71,3,0,3,0,0,3,
caster,resistant,59,victory,2,7,80,1,0,3,0,0,3,
caster,resistant,60,victory,2,6,79,3,0,3,0,0,3,
caster,resistant,61,victory,2,7,80,3,0,3,0,0,3,
caster,resistant,62,victory,2,7,80,3,0,3,0,0,3,
caster,resistant,63,victory,2,5,71,3,0,3,0,0,3,
caster,resistant,64,victory,2,7,80,3,0,3,0,0,3,
caster,resistant,65,victory,3,9,73,3,0,3,0,0,3,
caster,resistant,66,victory,3,8,73,2,0,3,0,0,3,
caster,resistant,67,victory,2,5,71,3,0,3,0,0,3,
caster,resistant,68,victory,2,6,79,3,0,3,0,0,3,
caster,resistant,69,victory,2,6,80,3,0,3,0,0,3,
caster,resistant,70,victory,2,5,71,3,0,3,0,0,3,
caster,resistant,71,victory,2,5,71,3,0,3,0,0,3,
caster,resistant,72,victory,2,5,71,3,0,3,0,0,3,
caster,resistant,73,victory,3,8,73,2,0,3,0,0,3,
caster,resistant,74,victory,2,5,71,3,0,3,0,0,3,
caster,resistant,75,victory,2,5,71,3,0,3,0,0,3,
caster,resistant,76,victory,2,6,80,3,0,3,0,0,3,
caster,resistant,77,victory,3,8,71,3,0,3,0,0,3,
caster,resistant,78,victory,2,5,71,3,0,3,0,0,3,
caster,resistant,79,victory,2,6,79,3,0,3,0,0,3,
caster,resistant,80,victory,2,6,80,3,0,3,0,0,3,
caster,resistant,81,victory,2,7,80,1,0,3,0,0,3,
caster,resistant,82,victory,2,6,80,3,0,3,0,0,3,
caster,resistant,83,victory,2,6,80,3,0,3,0,0,3,
caster,resistant,84,victory,2,6,80,3,0,3,0,0,3,
caster,resistant,85,victory,2,7,80,3,0,3,0,0,3,
caster,resistant,86,victory,2,5,71,3,0,3,0,0,3,
caster,resistant,87,victory,2,5,71,3,0,3,0,0,3,
caster,resistant,88,victory,2,7,80,1,0,3,0,0,3,
caster,resistant,89,victory,3,8,71,3,0,3,0,0,3,
caster,resistant,90,victory,2,6,80,3,0,3,0,0,3,
caster,resistant,91,victory,2,6,80,3,0,3,0,0,3,
caster,resistant,92,victory,2,5,71,3,0,3,0,0,3,
caster,resistant,93,victory,2,5,71,3,0,3,0,0,3,
caster,resistant,94,victory,2,6,80,3,0,3,0,0,3,
caster,resistant,95,victory,2,6,80,3,0,3,0,0,3,
caster,resistant,96,victory,2,7,80,1,0,3,0,0,3,
caster,resistant,97,victory,2,6,80,3,0,3,0,0,3,
caster,resistant,98,victory,2,7,80,1,0,3,0,0,3,
caster,resistant,99,victory,2,6,80,3,0,3,0,0,3,
caster,resistant,100,victory,2,6,80,3,0,3,0,0,3,
caster,boss,1,victory,10,36,52,3,0,14,0,0,3,
caster,boss,2,victory,9,33,59,3,0,14,0,0,3,
caster,boss,3,victory,9,36,72,3,0,14,0,0,3,
caster,boss,4,victory,10,35,51,3,0,14,0,0,3,
caster,boss,5,victory,9,32,58,3,0,14,0,0,3,
caster,boss,6,victory,10,35,52,3,0,14,0,0,3,
caster,boss,7,victory,9,30,41,3,0,14,0,0,3,
caster,boss,8,victory,9,33,62,3,0,14,0,0,3,
caster,boss,9,victory,9,34,57,3,0,14,0,0,3,
caster,boss,10,victory,10,36,59,3,0,14,0,0,3,
caster,boss,11,victory,10,39,64,3,0,14,0,0,3,
caster,boss,12,victory,9,35,62,3,0,14,0,0,3,
caster,boss,13,victory,9,32,58,3,0,14,0,0,3,
caster,boss,14,victory,9,34,58,3,0,14,0,0,3,
caster,boss,15,victory,9,33,56,3,0,14,0,0,3,
caster,boss,16,victory,9,32,61,3,0,14,0,0,3,
caster,boss,17,victory,9,34,62,3,0,14,0,0,3,
caster,boss,18,victory,9,34,58,2,0,14,0,0,3,
caster,boss,19,victory,10,37,58,3,0,14,0,0,3,
caster,boss,20,victory,9,31,48,3,0,14,0,0,3,
caster,boss,21,victory,10,35,51,3,0,14,0,0,3,
caster,boss,22,victory,9,33,50,2,0,14,0,0,3,
caster,boss,23,victory,9,32,62,3,0,14,0,0,3,
caster,boss,24,victory,9,31,57,3,0,14,0,0,3,
caster,boss,25,victory,9,31,51,3,0,14,0,0,3,
caster,boss,26,victory,10,35,53,3,0,14,0,0,3,
caster,boss,27,victory,9,31,46,3,0,14,0,0,3,
caster,boss,28,victory,10,35,47,3,0,14,0,0,3,
caster,boss,29,victory,9,31,40,3,0,14,0,0,3,
caster,boss,30,victory,9,35,63,2,0,14,0,0,3,
caster,boss,31,victory,9,33,61,3,0,14,0,0,3,
caster,boss,32,victory,10,34,56,3,0,14,0,0,3,
caster,boss,33,victory,10,34,52,3,0,14,0,0,3,
caster,boss,34,victory,10,35,60,3,0,14,0,0,3,
caster,boss,35,victory,9,35,67,3,0,14,0,0,3,
caster,boss,36,victory,10,35,59,3,0,14,0,0,3,
caster,boss,37,victory,10,36,53,3,0,14,0,0,3,
caster,boss,38,victory,9,31,51,3,0,14,0,0,3,
caster,boss,39,victory,9,34,58,3,0,14,0,0,3,
caster,boss,40,victory,9,33,54,3,0,14,0,0,3,
caster,boss,41,victory,9,33,64,3,0,14,0,0,3,
caster,boss,42,victory,9,32,44,2,0,14,0,0,3,
caster,boss,43,victory,9,31,52,3,0,14,0,0,3,
caster,boss,44,victory,10,33,50,3,0,14,0,0,3,
caster,boss,45,victory,10,38,69,3,0,14,0,0,3,
caster,boss,46,victory,9,32,51,3,0,14,0,0,3,
caster,boss,47,victory,10,34,51,3,0,14,0,0,3,
caster,boss,48,victory,9,32,48,3,0,14,0,0,3,
caster,boss,49,victory,10,35,58,3,0,14,0,0,3,
caster,boss,50,victory,9,32,55,2,0,14,0,0,3,
caster,boss,51,victory,10,33,41,3,0,14,0,0,3,
caster,boss,52,victory,10,34,47,3,0,14,0,0,3,
caster,boss,53,victory,9,34,63,2,0,14,0,0,3,
caster,boss,54,victory,9,33,51,3,0,14,0,0,3,
caster,boss,55,victory,9,31,43,3,0,14,0,0,3,
caster,boss,56,victory,10,35,63,3,0,14,0,0,3,
caster,boss,57,victory,10,33,41,3,0,14,0,0,3,
caster,boss,58,victory,9,33,49,3,0,14,0,0,3,
caster,boss,59,victory,10,35,58,3,0,14,0,0,3,
caster,boss,60,victory,10,36,69,3,0,14,0,0,3,
caster,boss,61,victory,9,34,59,3,0,14,0,0,3,
caster,boss,62,victory,10,37,56,3,0,14,0,0,3,
caster,boss,63,victory,9,32,44,3,0,14,0,0,3,
caster,boss,64,victory,9,32,49,3,0,14,0,0,3,
caster,boss,65,victory,10,35,60,3,0,14,0,0,3,
caster,boss,66,victory,10,35,52,3,0,14,0,0,3,
caster,boss,67,victory,10,33,34,3,0,14,0,0,3,
caster,boss,68,victory,9,34,58,2,0,14,0,0,3,
caster,boss,69,victory,10,36,54,3,0,14,0,0,3,
caster,boss,70,victory,9,29,43,3,0,14,0,0,3,
caster,boss,71,victory,9,30,42,2,0,14,0,0,3,
caster,boss,72,victory,9,28,35,3,0,14,0,0,3,
caster,boss,73,victory,10,37,63,3,0,14,0,0,3,
caster,boss,74,victory,9,34,59,2,0,14,0,0,3,
caster,boss,75,victory,9,33,59,3,0,14,0,0,3,
caster,boss,76,victory,9,34,58,3,0,14,0,0,3,
caster,boss,77,victory,10,38,61,3,0,14,0,0,3,
caster,boss,78,victory,9,35,59,2,0,14,0,0,3,
caster,boss,79,victory,10,35,58,3,0,14,0,0,3,
caster,boss,80,victory,9,33,59,2,0,14,0,0,3,
caster,boss,81,victory,10,38,66,2,0,14,0,0,3,
caster,boss,82,victory,9,32,53,3,0,14,0,0,3,
caster,boss,83,victory,9,31,54,2,0,14,0,0,3,
caster,boss,84,victory,9,31,56,3,0,14,0,0,3,
caster,boss,85,victory,10,36,57,3,0,14,0,0,3,
caster,boss,86,victory,9,35,67,3,0,14,0,0,3,
caster,boss,87,victory,9,31,51,3,0,14,0,0,3,
caster,boss,88,victory,10,36,63,3,0,14,0,0,3,
caster,boss,89,victory,10,38,61,3,0,14,0,0,3,
caster,boss,90,victory,10,36,51,3,0,14,0,0,3,
caster,boss,91,victory,10,37,59,2,0,14,0,0,3,
caster,boss,92,victory,9,30,51,3,0,14,0,0,3,
caster,boss,93,victory,9,33,59,3,0,14,0,0,3,
caster,boss,94,victory,9,32,50,3,0,14,0,0,3,
caster,boss,95,victory,9,30,40,3,0,14,0,0,3,
caster,boss,96,victory,9,33,60,3,0,14,0,0,3,
caster,boss,97,victory,9,31,54,3,0,14,0,0,3,
caster,boss,98,victory,9,30,44,3,0,14,0,0,3,
caster,boss,99,victory,10,35,48,2,0,14,0,0,3,
caster,boss,100,victory,9,32,54,3,0,14,0,0,3,
caster,gauntlet,1,victory,13,48,49,3,0,18,0,0,0,3
caster,gauntlet,2,victory,14,47,40,3,0,18,0,0,0,3
caster,gauntlet,3,victory,13,48,61,3,0,18,0,0,0,3
caster,gauntlet,4,victory,13,48,44,3,0,18,0,0,0,3
caster,gauntlet,5,victory,13,46,49,3,0,18,0,0,0,3
caster,gauntlet,6,victory,13,44,54,3,0,18,0,0,0,3
caster,gauntlet,7,victory,13,50,66,3,0,18,0,0,0,3
caster,gauntlet,8,victory,13,49,67,3,0,18,0,0,0,3
caster,gauntlet,9,victory,14,48,62,3,0,18,0,0,0,3
caster,gauntlet,10,victory,13,48,68,3,0,18,0,0,0,3
caster,gauntlet,11,victory,13,47,48,3,0,18,0,0,0,3
caster,gauntlet,12,victory,13,51,64,3,0,18,0,0,0,3
caster,gauntlet,13,victory,13,46,37,3,0,18,0,0,0,3
caster,gauntlet,14,victory,13,44,34,3,0,18,0,0,0,3
caster,gauntlet,15,victory,13,49,56,3,0,18,0,0,0,3
caster,gauntlet,16,victory,13,45,26,3,0,18,0,0,0,3
caster,gauntlet,17,victory,13,47,46,3,0,18,0,0,0,3
caster,gauntlet,18,victory,13,46,34,3,0,18,0,0,0,3
caster,gauntlet,19,victory,13,49,57,3,0,18,0,0,0,3
caster,gauntlet,20,victory,13,45,27,3,0,18,0,0,0,3
caster,gauntlet,21,victory,13,48,60,3,0,18,0,0,0,3
caster,gauntlet,22,victory,14,52,59,3,0,18,0,0,0,3
caster,gauntlet,23,victory,13,46,61,3,0,18,0,0,0,3
caster,gauntlet,24,victory,14,52,56,3,0,18,0,0,0,3
caster,gauntlet,25,victory,13,45,39,3,0,18,0,0,0,3
caster,gauntlet,26,victory,13,46,50,3,0,18,0,0,0,3
caster,gauntlet,27,victory,13,48,45,3,0,18,0,0,0,3
caster,gauntlet,28,victory,13,48,56,3,0,18,0,0,0,3
caster,gauntlet,29,victory,13,46,44,3,0,18,0,0,0,3
caster,gauntlet,30,victory,13,44,22,3,0,18,0,0,0,3
caster,gauntlet,31,victory,13,49,59,3,0,18,0,0,0,3
caster,gauntlet,32,victory,13,42,30,3,0,18,0,0,0,3
caster,gauntlet,33,victory,13,45,57,3,0,18,0,0,0,3
caster,gauntlet,34,victory,13,47,68,3,0,18,0,0,0,3
caster,gauntlet,35,victory,13,49,61,3,0,18,0,0,0,3
caster,gauntlet,36,victory,14,48,42,3,0,18,0,0,0,3
caster,gauntlet,37,victory,13,45,35,3,0,18,0,0,0,3
caster,gauntlet,38,victory,13,51,60,3,0,18,0,0,0,3
caster,gauntlet,39,victory,13,48,68,3,0,18,0,0,0,3
caster,gauntlet,40,victory,13,45,41,3,0,18,0,0,0,3
caster,gauntlet,41,victory,13,44,33,3,0,18,0,0,0,3
caster,gauntlet,42,victory,14,47,27,3,0,18,0,0,0,3
caster,gauntlet,43,victory,13,47,54,3,0,18,0,0,0,3
caster,gauntlet,44,victory,13,48,48,3,0,18,0,0,0,3
caster,gauntlet,45,victory,13,48,58,3,0,18,0,0,0,3
caster,gauntlet,46,victory,13,51,63,3,0,18,0,0,0,3
caster,gauntlet,47,victory,13,46,44,3,0,18,0,0,0,3
caster,gauntlet,48,victory,13,47,41,3,0,18,0,0,0,3
caster,gauntlet,49,victory,13,46,24,3,0,18,0,0,0,3
caster,gauntlet,50,victory,13,46,54,3,0,18,0,0,0,3
caster,gauntlet,51,victory,13,47,39,3,0,18,0,0,0,3
caster,gauntlet,52,victory,14,48,26,3,0,18,0,0,0,3
caster,gauntlet,53,victory,14,51,52,3,0,18,0,0,0,3
caster,gauntlet,54,victory,13,47,44,3,0,18,0,0,0,3
caster,gauntlet,55,victory,13,46,52,3,0,18,0,0,0,3
caster,gauntlet,56,victory,13,45,11,3,0,18,0,0,0,3
caster,gauntlet,57,victory,13,45,30,3,0,18,0,0,0,3
caster,gauntlet,58,victory,13,48,53,3,0,18,0,0,0,3
caster,gauntlet,59,victory,13,49,60,3,0,18,0,0,0,3
caster,gauntlet,60,victory,13,48,58,3,0,18,0,0,0,3
caster,gauntlet,61,victory,13,46,25,3,0,18,0,0,0,3
caster,gauntlet,62,victory,13,48,63,3,0,18,0,0,0,3
caster,gauntlet,63,victory,13,48,53,3,0,18,0,0,0,3
caster,gauntlet,64,victory,13,49,49,3,0,18,0,0,0,3
caster,gauntlet,65,victory,13,49,65,3,0,18,0,0,0,3
caster,gauntlet,66,victory,13,45,27,3,0,18,0,0,0,3
caster,gauntlet,67,victory,13,47,45,3,0,18,0,0,0,3
caster,gauntlet,68,victory,13,48,49,3,0,18,0,0,0,3
caster,gauntlet,69,victory,13,49,63,3,0,18,0,0,0,3
caster,gauntlet,70,victory,13,45,31,3,0,18,0,0,0,3
caster,gauntlet,71,victory,13,48,53,3,0,18,0,0,0,3
caster,gauntlet,72,victory,13,45,50,3,0,18,0,0,0,3
caster,gauntlet,73,victory,13,50,53,3,0,18,0,0,0,3
caster,gauntlet,74,victory,13,47,41,3,0,18,0,0,0,3
caster,gauntlet,75,victory,13,46,37,3,0,18,0,0,0,3
caster,gauntlet,76,victory,13,44,46,3,0,18,0,0,0,3
caster,gauntlet,77,victory,14,50,51,3,0,18,0,0,0,3
caster,gauntlet,78,victory,14,49,35,3,0,18,0,0,0,3
caster,gauntlet,79,victory,13,47,61,3,0,18,0,0,0,3
caster,gauntlet,80,victory,13,45,55,3,0,18,0,0,0,3
caster,gauntlet,81,victory,14,49,57,3,0,18,0,0,0,3
caster,gauntlet,82,victory,14,48,46,3,0,18,0,0,0,3
caster,gauntlet,83,victory,13,49,57,3,0,18,0,0,0,3
caster,gauntlet,84,victory,13,45,55,3,0,18,0,0,0,3
caster,gauntlet,85,victory,13,43,39,3,0,18,0,0,0,3
caster,gauntlet,86,victory,13,49,47,3,0,18,0,0,0,3
caster,gauntlet,87,victory,13,47,55,3,0,18,0,0,0,3
caster,gauntlet,88,victory,13,50,65,3,0,18,0,0,0,3
caster,gauntlet,89,victory,14,50,51,3,0,18,0,0,0,3
caster,gauntlet,90,victory,13,46,63,3,0,18,0,0,0,3
caster,gauntlet,91,victory,13,45,55,3,0,18,0,0,0,3
caster,gauntlet,92,victory,14,46,19,3,0,18,0,0,0,3
caster,gauntlet,93,victory,13,48,45,3,0,18,0,0,0,3
caster,gauntlet,94,victory,13,48,33,3,0,18,0,0,0,3
caster,gauntlet,95,victory,14,48,38,3,0,18,0,0,0,3
caster,gauntlet,96,victory,13,48,57,3,0,18,0,0,0,3
caster,gauntlet,97,victory,13,46,43,3,0,18,0,0,0,3
caster,gauntlet,98,victory,13,45,41,3,0,18,0,0,0,3
caster,gauntlet,99,victory,13,45,35,3,0,18,0,0,0,3
caster,gauntlet,100,victory,14,50,49,3,0,18,0,0,0,3
